[{"model": "foodcartapp.restaurant", "pk": 1, "fields": {"name": "Star Burger Арбат", "address": "Москва, ул. Новый Арбат, 15", "contact_phone": "+7 (967) 157-44-13", "lat": "55.75214100", "long": "37.59242000"}}, {"model": "foodcartapp.restaurant", "pk": 2, "fields": {"name": "Star Burger Цветной", "address": "Москва, Цветной бульвар, 11с2", "contact_phone": "+7 (929) 949-55-36", "lat": "55.77007600", "long": "37.62042900"}}, {"model": "foodcartapp.restaurant", "pk": 3, "fields": {"name": "Star Burger Европейский", "address": "Москва, пл. Киевского Вокзала, 2", "contact_phone": "+7 (929) 680-47-58", "lat": "55.74463700", "long": "37.56607200"}}, {"model": "foodcartapp.productcategory", "pk": 1, "fields": {"name": "Бургер"}}, {"model": "foodcartapp.productcategory", "pk": 2, "fields": {"name": "Ролл"}}, {"model": "foodcartapp.product", "pk": 1, "fields": {"name": "Стейкхаус", "category": 1, "price": "269.00", "image": "steak.jpg", "special_status": false, "description": "Стейкхаус – это сочетание нашей фирменной, приготовленной на огне 100% говядины с ломтиками бекона и соусом «Барбекю», майонезом, листьями свежего салата, помидором и хрустящим луком на воздушной було"}}, {"model": "foodcartapp.product", "pk": 2, "fields": {"name": "Лонг Чизбургер", "category": 1, "price": "219.00", "image": "long_chiz.jpg", "special_status": false, "description": "Лонг Чизбургер – эталон в коллекции чизбургеров! Два приготовленных на огне бифштекса с двумя ломтиками слегка расплавленного сыра, хрустящими огурчиками, рубленым луком, горчицей и кетчупом на длинно"}}, {"model": "foodcartapp.product", "pk": 3, "fields": {"name": "Тройной Воппер", "category": 1, "price": "369.00", "image": "triple_vopper.jpg", "special_status": false, "description": "ВОППЕР® — это вкуснейшая приготовленная на огне 100% говядина с сочными помидорами, свежим нарезанным листовым салатом, густым майонезом, хрустящими маринованными огурчиками и свежим луком на нежной б"}}, {"model": "foodcartapp.product", "pk": 4, "fields": {"name": "Беконайзер", "category": 1, "price": "318.99", "image": "beconizer.jpg", "special_status": false, "description": "Встречай самый внушительный бургер в коллекции Бургер Кинг. Много мяса, много бекона и много сыра - все, как ты любишь, и ничего лишнего!"}}, {"model": "foodcartapp.product", "pk": 5, "fields": {"name": "Фиш Ролл", "category": 2, "price": "199.00", "image": "fish_roll.jpg", "special_status": false, "description": "Наш новый ролл с аппетитной котлеткой из филе белой рыбы, с фирменным соусом, маринованными огурчиками и хрустящим салатом. Легкое рыбное удовольствие!"}}, {"model": "foodcartapp.product", "pk": 6, "fields": {"name": "Шримп Ролл", "category": 2, "price": "209.00", "image": "shrimp_roll.jpg", "special_status": false, "description": "Легкий ролл с нежными королевскими креветками в хрустящей панировке, свежий салат Айсберг и ломтик сыра в пшеничной лепешке под фирменным соусом «Кинг». Внимание! Блюдо содержит аллергены – морепродук"}}, {"model": "foodcartapp.restaurantmenuitem", "pk": 1, "fields": {"restaurant": 1, "product": 1, "availability": true}}, {"model": "foodcartapp.restaurantmenuitem", "pk": 2, "fields": {"restaurant": 1, "product": 4, "availability": true}}, {"model": "foodcartapp.restaurantmenuitem", "pk": 3, "fields": {"restaurant": 1, "product": 5, "availability": true}}, {"model": "foodcartapp.restaurantmenuitem", "pk": 4, "fields": {"restaurant": 2, "product": 2, "availability": true}}, {"model": "foodcartapp.restaurantmenuitem", "pk": 5, "fields": {"restaurant": 2, "product": 3, "availability": true}}, {"model": "foodcartapp.restaurantmenuitem", "pk": 6, "fields": {"restaurant": 2, "product": 6, "availability": true}}, {"model": "foodcartapp.restaurantmenuitem", "pk": 7, "fields": {"restaurant": 3, "product": 1, "availability": true}}, {"model": "foodcartapp.restaurantmenuitem", "pk": 8, "fields": {"restaurant": 3, "product": 2, "availability": true}}, {"model": "foodcartapp.restaurantmenuitem", "pk": 9, "fields": {"restaurant": 3, "product": 3, "availability": true}}, {"model": "foodcartapp.restaurantmenuitem", "pk": 10, "fields": {"restaurant": 3, "product": 4, "availability": true}}, {"model": "foodcartapp.restaurantmenuitem", "pk": 11, "fields": {"restaurant": 3, "product": 5, "availability": true}}, {"model": "foodcartapp.restaurantmenuitem", "pk": 12, "fields": {"restaurant": 3, "product": 6, "availability": true}}, {"model": "foodcartapp.order", "pk": 1, "fields": {"status": "NEW", "payment_method": "NON_CACHE", "address": "Москва, 3 улица строителей, 24", "customer_first_name": "Васька", "customer_last_name": "Петров", "phonenumber": "+79218919289", "comment": "Три раза позвонить, два постучать при доставке", "registrated_at": "2021-09-19T04:54:50Z", "called_at": "2021-10-16T04:39:43Z", "delivered_at": null, "restaurant": null}}, {"model": "foodcartapp.order", "pk": 8, "fields": {"status": "CLOSED", "payment_method": "CACHE", "address": "Москва, Ленинский проспект, 37", "customer_first_name": "Гуся", "customer_last_name": "к", "phonenumber": "+79218919922", "comment": "", "registrated_at": "2021-09-19T04:54:50Z", "called_at": null, "delivered_at": null, "restaurant": null}}, {"model": "foodcartapp.order", "pk": 35, "fields": {"status": "IN_PROGRESS", "payment_method": "CACHE", "address": "Москва, Тверская, 55", "customer_first_name": "Петя", "customer_last_name": "Петров", "phonenumber": "+79218919922", "comment": "", "registrated_at": "2021-09-19T04:54:50Z", "called_at": null, "delivered_at": null, "restaurant": 3}}, {"model": "foodcartapp.order", "pk": 86, "fields": {"status": "NEW", "payment_method": "CACHE", "address": "Мяу мяу сити", "customer_first_name": "Гусенок", "customer_last_name": "Гуськин", "phonenumber": "+79291000000", "comment": "", "registrated_at": "2021-09-19T04:54:50Z", "called_at": null, "delivered_at": null, "restaurant": null}}, {"model": "foodcartapp.order", "pk": 87, "fields": {"status": "NEW", "payment_method": "", "address": "Москва, Охотный ряд, 3", "customer_first_name": "Иван", "customer_last_name": "Петров", "phonenumber": "+79291000000", "comment": "Добавить оливки", "registrated_at": "2021-09-19T04:54:50Z", "called_at": null, "delivered_at": null, "restaurant": 2}}, {"model": "foodcartapp.order", "pk": 130, "fields": {"status": "NEW", "payment_method": "CACHE", "address": "Лондон, Бейкер Стрит, 12", "customer_first_name": "Васька", "customer_last_name": "Петрович", "phonenumber": "+79123456789", "comment": "Без помидоров", "registrated_at": "2021-09-19T04:54:50Z", "called_at": null, "delivered_at": null, "restaurant": 3}}, {"model": "foodcartapp.order", "pk": 133, "fields": {"status": "NEW", "payment_method": "NON_CACHE", "address": "Санкт-Петербург, Московский, 171, 25", "customer_first_name": "Николай", "customer_last_name": "Петров", "phonenumber": "+79218919922", "comment": "Позвонить за 20 минут до доставки", "registrated_at": "2021-09-19T04:54:50Z", "called_at": "2021-09-19T04:56:15Z", "delivered_at": null, "restaurant": null}}, {"model": "foodcartapp.order", "pk": 139, "fields": {"status": "NEW", "payment_method": "", "address": "Химки, Ленина 3", "customer_first_name": "Кот", "customer_last_name": "Матроскин", "phonenumber": "+79010864523", "comment": "", "registrated_at": "2021-10-05T05:16:54Z", "called_at": null, "delivered_at": null, "restaurant": null}}, {"model": "foodcartapp.order", "pk": 145, "fields": {"status": "NEW", "payment_method": "", "address": "Москва Ленинский проспект 33", "customer_first_name": "Вася", "customer_last_name": "Рогов", "phonenumber": "+79218919922", "comment": "", "registrated_at": "2021-10-05T16:15:27Z", "called_at": null, "delivered_at": null, "restaurant": 1}}, {"model": "foodcartapp.order", "pk": 147, "fields": {"status": "NEW", "payment_method": "", "address": "Москва, пл. Киевского Вокзала, 5", "customer_first_name": "Вейдер", "customer_last_name": "Дарт", "phonenumber": "+79010864523", "comment": "", "registrated_at": "2021-10-07T07:06:25.509Z", "called_at": null, "delivered_at": null, "restaurant": null}}, {"model": "foodcartapp.order", "pk": 149, "fields": {"status": "NEW", "payment_method": "", "address": "Москва, ул. Новый Арбат, 47", "customer_first_name": "Матрос", "customer_last_name": "Колька", "phonenumber": "+79218919922", "comment": "", "registrated_at": "2021-10-07T09:40:34.520Z", "called_at": null, "delivered_at": null, "restaurant": null}}, {"model": "foodcartapp.order", "pk": 150, "fields": {"status": "IN_PROGRESS", "payment_method": "NON_CACHE", "address": "Москва, ул. Новый Арбат, 48", "customer_first_name": "Петька", "customer_last_name": "Морозов", "phonenumber": "+79218919922", "comment": "", "registrated_at": "2021-10-07T09:49:05Z", "called_at": null, "delivered_at": null, "restaurant": null}}, {"model": "foodcartapp.order", "pk": 153, "fields": {"status": "NEW", "payment_method": "CACHE", "address": "Москва, Ленинградский вокзал", "customer_first_name": "Smith", "customer_last_name": "John", "phonenumber": "+79218919289", "comment": "", "registrated_at": "2021-10-08T04:16:18Z", "called_at": null, "delivered_at": null, "restaurant": null}}, {"model": "foodcartapp.order", "pk": 154, "fields": {"status": "IN_PROGRESS", "payment_method": "NON_CACHE", "address": "Москва, Рогожский Вал, 10", "customer_first_name": "Лев", "customer_last_name": "Соловейчик", "phonenumber": "+79218919922", "comment": "прихватить 3 бутылки водки", "registrated_at": "2021-10-08T04:31:18Z", "called_at": "2021-10-16T04:45:15Z", "delivered_at": "2021-10-16T04:45:01Z", "restaurant": null}}, {"model": "foodcartapp.order", "pk": 155, "fields": {"status": "NEW", "payment_method": "", "address": "Москва, ул. Новый Арбат, 55", "customer_first_name": "Henry", "customer_last_name": "Johns", "phonenumber": "+79218919922", "comment": "", "registrated_at": "2021-10-16T04:42:50.836Z", "called_at": null, "delivered_at": null, "restaurant": null}}, {"model": "foodcartapp.orderitem", "pk": 2, "fields": {"order": 1, "product": 4, "quantity": 2, "price": "637.98"}}, {"model": "foodcartapp.orderitem", "pk": 9, "fields": {"order": 8, "product": 1, "quantity": 2, "price": "538.00"}}, {"model": "foodcartapp.orderitem", "pk": 10, "fields": {"order": 8, "product": 2, "quantity": 1, "price": "219.00"}}, {"model": "foodcartapp.orderitem", "pk": 11, "fields": {"order": 8, "product": 4, "quantity": 4, "price": "1275.96"}}, {"model": "foodcartapp.orderitem", "pk": 18, "fields": {"order": 35, "product": 2, "quantity": 2, "price": "438.00"}}, {"model": "foodcartapp.orderitem", "pk": 19, "fields": {"order": 35, "product": 1, "quantity": 4, "price": "1076.00"}}, {"model": "foodcartapp.orderitem", "pk": 34, "fields": {"order": 86, "product": 1, "quantity": 4, "price": "1076.00"}}, {"model": "foodcartapp.orderitem", "pk": 35, "fields": {"order": 87, "product": 2, "quantity": 3, "price": "657.00"}}, {"model": "foodcartapp.orderitem", "pk": 91, "fields": {"order": 130, "product": 2, "quantity": 3, "price": "657.00"}}, {"model": "foodcartapp.orderitem", "pk": 92, "fields": {"order": 130, "product": 3, "quantity": 2, "price": "738.00"}}, {"model": "foodcartapp.orderitem", "pk": 95, "fields": {"order": 133, "product": 2, "quantity": 1, "price": "219.00"}}, {"model": "foodcartapp.orderitem", "pk": 96, "fields": {"order": 133, "product": 1, "quantity": 1, "price": "269.00"}}, {"model": "foodcartapp.orderitem", "pk": 97, "fields": {"order": 133, "product": 4, "quantity": 1, "price": "318.99"}}, {"model": "foodcartapp.orderitem", "pk": 105, "fields": {"order": 139, "product": 1, "quantity": 1, "price": "269.00"}}, {"model": "foodcartapp.orderitem", "pk": 106, "fields": {"order": 139, "product": 2, "quantity": 1, "price": "219.00"}}, {"model": "foodcartapp.orderitem", "pk": 117, "fields": {"order": 145, "product": 2, "quantity": 1, "price": "219.00"}}, {"model": "foodcartapp.orderitem", "pk": 118, "fields": {"order": 145, "product": 1, "quantity": 1, "price": "269.00"}}, {"model": "foodcartapp.orderitem", "pk": 120, "fields": {"order": 147, "product": 3, "quantity": 1, "price": "369.00"}}, {"model": "foodcartapp.orderitem", "pk": 121, "fields": {"order": 147, "product": 2, "quantity": 1, "price": "219.00"}}, {"model": "foodcartapp.orderitem", "pk": 124, "fields": {"order": 149, "product": 2, "quantity": 1, "price": "219.00"}}, {"model": "foodcartapp.orderitem", "pk": 125, "fields": {"order": 149, "product": 1, "quantity": 1, "price": "269.00"}}, {"model": "foodcartapp.orderitem", "pk": 126, "fields": {"order": 150, "product": 2, "quantity": 1, "price": "219.00"}}, {"model": "foodcartapp.orderitem", "pk": 127, "fields": {"order": 150, "product": 1, "quantity": 1, "price": "269.00"}}, {"model": "foodcartapp.orderitem", "pk": 132, "fields": {"order": 153, "product": 3, "quantity": 9, "price": "3321.00"}}, {"model": "foodcartapp.orderitem", "pk": 133, "fields": {"order": 154, "product": 2, "quantity": 12, "price": "2628.00"}}, {"model": "foodcartapp.orderitem", "pk": 134, "fields": {"order": 155, "product": 3, "quantity": 1, "price": "369.00"}}, {"model": "admin.logentry", "pk": 1, "fields": {"action_time": "2021-09-15T07:32:46.383Z", "user": 1, "content_type": 4, "object_id": "1", "object_repr": "Бургер", "action_flag": 1, "change_message": "[{\"added\": {}}]"}}, {"model": "admin.logentry", "pk": 2, "fields": {"action_time": "2021-09-15T07:36:35.034Z", "user": 1, "content_type": 1, "object_id": "1", "object_repr": "Стейкхаус", "action_flag": 1, "change_message": "[{\"added\": {}}]"}}, {"model": "admin.logentry", "pk": 3, "fields": {"action_time": "2021-09-15T07:37:04.267Z", "user": 1, "content_type": 1, "object_id": "2", "object_repr": "Лонг Чизбургер", "action_flag": 1, "change_message": "[{\"added\": {}}]"}}, {"model": "admin.logentry", "pk": 4, "fields": {"action_time": "2021-09-15T07:37:42.909Z", "user": 1, "content_type": 1, "object_id": "3", "object_repr": "Тройной Воппер", "action_flag": 1, "change_message": "[{\"added\": {}}]"}}, {"model": "admin.logentry", "pk": 5, "fields": {"action_time": "2021-09-15T07:38:04.495Z", "user": 1, "content_type": 1, "object_id": "4", "object_repr": "Беконайзер", "action_flag": 1, "change_message": "[{\"added\": {}}]"}}, {"model": "admin.logentry", "pk": 6, "fields": {"action_time": "2021-09-15T07:38:18.525Z", "user": 1, "content_type": 4, "object_id": "2", "object_repr": "Ролл", "action_flag": 1, "change_message": "[{\"added\": {}}]"}}, {"model": "admin.logentry", "pk": 7, "fields": {"action_time": "2021-09-15T07:38:37.942Z", "user": 1, "content_type": 1, "object_id": "5", "object_repr": "Фиш Ролл", "action_flag": 1, "change_message": "[{\"added\": {}}]"}}, {"model": "admin.logentry", "pk": 8, "fields": {"action_time": "2021-09-15T07:39:05.093Z", "user": 1, "content_type": 1, "object_id": "6", "object_repr": "Шримп Ролл", "action_flag": 1, "change_message": "[{\"added\": {}}]"}}, {"model": "admin.logentry", "pk": 9, "fields": {"action_time": "2021-09-15T07:40:15.307Z", "user": 1, "content_type": 2, "object_id": "1", "object_repr": "Star Burger Арбат", "action_flag": 1, "change_message": "[{\"added\": {}}, {\"added\": {\"name\": \"\\u043f\\u0443\\u043d\\u043a\\u0442 \\u043c\\u0435\\u043d\\u044e \\u0440\\u0435\\u0441\\u0442\\u043e\\u0440\\u0430\\u043d\\u0430\", \"object\": \"Star Burger \\u0410\\u0440\\u0431\\u0430\\u0442 - \\u0421\\u0442\\u0435\\u0439\\u043a\\u0445\\u0430\\u0443\\u0441\"}}, {\"added\": {\"name\": \"\\u043f\\u0443\\u043d\\u043a\\u0442 \\u043c\\u0435\\u043d\\u044e \\u0440\\u0435\\u0441\\u0442\\u043e\\u0440\\u0430\\u043d\\u0430\", \"object\": \"Star Burger \\u0410\\u0440\\u0431\\u0430\\u0442 - \\u0411\\u0435\\u043a\\u043e\\u043d\\u0430\\u0439\\u0437\\u0435\\u0440\"}}, {\"added\": {\"name\": \"\\u043f\\u0443\\u043d\\u043a\\u0442 \\u043c\\u0435\\u043d\\u044e \\u0440\\u0435\\u0441\\u0442\\u043e\\u0440\\u0430\\u043d\\u0430\", \"object\": \"Star Burger \\u0410\\u0440\\u0431\\u0430\\u0442 - \\u0424\\u0438\\u0448 \\u0420\\u043e\\u043b\\u043b\"}}]"}}, {"model": "admin.logentry", "pk": 10, "fields": {"action_time": "2021-09-15T07:40:51.115Z", "user": 1, "content_type": 2, "object_id": "2", "object_repr": "Star Burger Цветной", "action_flag": 1, "change_message": "[{\"added\": {}}, {\"added\": {\"name\": \"\\u043f\\u0443\\u043d\\u043a\\u0442 \\u043c\\u0435\\u043d\\u044e \\u0440\\u0435\\u0441\\u0442\\u043e\\u0440\\u0430\\u043d\\u0430\", \"object\": \"Star Burger \\u0426\\u0432\\u0435\\u0442\\u043d\\u043e\\u0439 - \\u041b\\u043e\\u043d\\u0433 \\u0427\\u0438\\u0437\\u0431\\u0443\\u0440\\u0433\\u0435\\u0440\"}}, {\"added\": {\"name\": \"\\u043f\\u0443\\u043d\\u043a\\u0442 \\u043c\\u0435\\u043d\\u044e \\u0440\\u0435\\u0441\\u0442\\u043e\\u0440\\u0430\\u043d\\u0430\", \"object\": \"Star Burger \\u0426\\u0432\\u0435\\u0442\\u043d\\u043e\\u0439 - \\u0422\\u0440\\u043e\\u0439\\u043d\\u043e\\u0439 \\u0412\\u043e\\u043f\\u043f\\u0435\\u0440\"}}, {\"added\": {\"name\": \"\\u043f\\u0443\\u043d\\u043a\\u0442 \\u043c\\u0435\\u043d\\u044e \\u0440\\u0435\\u0441\\u0442\\u043e\\u0440\\u0430\\u043d\\u0430\", \"object\": \"Star Burger \\u0426\\u0432\\u0435\\u0442\\u043d\\u043e\\u0439 - \\u0428\\u0440\\u0438\\u043c\\u043f \\u0420\\u043e\\u043b\\u043b\"}}]"}}, {"model": "admin.logentry", "pk": 11, "fields": {"action_time": "2021-09-15T07:41:39.143Z", "user": 1, "content_type": 2, "object_id": "3", "object_repr": "Star Burger Европейский", "action_flag": 1, "change_message": "[{\"added\": {}}, {\"added\": {\"name\": \"\\u043f\\u0443\\u043d\\u043a\\u0442 \\u043c\\u0435\\u043d\\u044e \\u0440\\u0435\\u0441\\u0442\\u043e\\u0440\\u0430\\u043d\\u0430\", \"object\": \"Star Burger \\u0415\\u0432\\u0440\\u043e\\u043f\\u0435\\u0439\\u0441\\u043a\\u0438\\u0439 - \\u0421\\u0442\\u0435\\u0439\\u043a\\u0445\\u0430\\u0443\\u0441\"}}, {\"added\": {\"name\": \"\\u043f\\u0443\\u043d\\u043a\\u0442 \\u043c\\u0435\\u043d\\u044e \\u0440\\u0435\\u0441\\u0442\\u043e\\u0440\\u0430\\u043d\\u0430\", \"object\": \"Star Burger \\u0415\\u0432\\u0440\\u043e\\u043f\\u0435\\u0439\\u0441\\u043a\\u0438\\u0439 - \\u041b\\u043e\\u043d\\u0433 \\u0427\\u0438\\u0437\\u0431\\u0443\\u0440\\u0433\\u0435\\u0440\"}}, {\"added\": {\"name\": \"\\u043f\\u0443\\u043d\\u043a\\u0442 \\u043c\\u0435\\u043d\\u044e \\u0440\\u0435\\u0441\\u0442\\u043e\\u0440\\u0430\\u043d\\u0430\", \"object\": \"Star Burger \\u0415\\u0432\\u0440\\u043e\\u043f\\u0435\\u0439\\u0441\\u043a\\u0438\\u0439 - \\u0422\\u0440\\u043e\\u0439\\u043d\\u043e\\u0439 \\u0412\\u043e\\u043f\\u043f\\u0435\\u0440\"}}, {\"added\": {\"name\": \"\\u043f\\u0443\\u043d\\u043a\\u0442 \\u043c\\u0435\\u043d\\u044e \\u0440\\u0435\\u0441\\u0442\\u043e\\u0440\\u0430\\u043d\\u0430\", \"object\": \"Star Burger \\u0415\\u0432\\u0440\\u043e\\u043f\\u0435\\u0439\\u0441\\u043a\\u0438\\u0439 - \\u0411\\u0435\\u043a\\u043e\\u043d\\u0430\\u0439\\u0437\\u0435\\u0440\"}}, {\"added\": {\"name\": \"\\u043f\\u0443\\u043d\\u043a\\u0442 \\u043c\\u0435\\u043d\\u044e \\u0440\\u0435\\u0441\\u0442\\u043e\\u0440\\u0430\\u043d\\u0430\", \"object\": \"Star Burger \\u0415\\u0432\\u0440\\u043e\\u043f\\u0435\\u0439\\u0441\\u043a\\u0438\\u0439 - \\u0424\\u0438\\u0448 \\u0420\\u043e\\u043b\\u043b\"}}, {\"added\": {\"name\": \"\\u043f\\u0443\\u043d\\u043a\\u0442 \\u043c\\u0435\\u043d\\u044e \\u0440\\u0435\\u0441\\u0442\\u043e\\u0440\\u0430\\u043d\\u0430\", \"object\": \"Star Burger \\u0415\\u0432\\u0440\\u043e\\u043f\\u0435\\u0439\\u0441\\u043a\\u0438\\u0439 - \\u0428\\u0440\\u0438\\u043c\\u043f \\u0420\\u043e\\u043b\\u043b\"}}]"}}, {"model": "admin.logentry", "pk": 12, "fields": {"action_time": "2021-09-15T13:36:00.507Z", "user": 1, "content_type": 11, "object_id": "1", "object_repr": "1 sdfsd sdfsdfs", "action_flag": 1, "change_message": "[{\"added\": {}}, {\"added\": {\"name\": \"order item\", \"object\": \"OrderItem object (1)\"}}, {\"added\": {\"name\": \"order item\", \"object\": \"OrderItem object (2)\"}}]"}}, {"model": "admin.logentry", "pk": 13, "fields": {"action_time": "2021-09-15T13:46:14.928Z", "user": 1, "content_type": 11, "object_id": "1", "object_repr": "1 Васька Москва, 3 улица строителей", "action_flag": 2, "change_message": "[{\"changed\": {\"fields\": [\"Customer first name\", \"Customer last name\", \"Address\"]}}]"}}, {"model": "admin.logentry", "pk": 14, "fields": {"action_time": "2021-09-15T13:46:28.842Z", "user": 1, "content_type": 11, "object_id": "1", "object_repr": "1 Васька Москва, 3 улица строителей", "action_flag": 2, "change_message": "[]"}}, {"model": "admin.logentry", "pk": 15, "fields": {"action_time": "2021-09-15T13:52:21.615Z", "user": 1, "content_type": 11, "object_id": "1", "object_repr": "1 Васька Москва, 3 улица строителей", "action_flag": 2, "change_message": "[]"}}, {"model": "admin.logentry", "pk": 16, "fields": {"action_time": "2021-09-15T13:53:35.991Z", "user": 1, "content_type": 11, "object_id": "1", "object_repr": "1 Васька Москва, 3 улица строителей", "action_flag": 2, "change_message": "[{\"added\": {\"name\": \"\\u042d\\u043b\\u0435\\u043c\\u0435\\u043d\\u0442 \\u0437\\u0430\\u043a\\u0430\\u0437\\u0430\", \"object\": \"            \\u041b\\u043e\\u043d\\u0433 \\u0427\\u0438\\u0437\\u0431\\u0443\\u0440\\u0433\\u0435\\u0440             \\u0412\\u0430\\u0441\\u044c\\u043a\\u0430             \\u041f\\u0435\\u0442\\u0440\\u043e\\u0432             \\u041c\\u043e\\u0441\\u043a\\u0432\\u0430, 3 \\u0443\\u043b\\u0438\\u0446\\u0430 \\u0441\\u0442\\u0440\\u043e\\u0438\\u0442\\u0435\\u043b\\u0435\\u0439\"}}]"}}, {"model": "admin.logentry", "pk": 17, "fields": {"action_time": "2021-09-15T13:53:56.497Z", "user": 1, "content_type": 11, "object_id": "1", "object_repr": "1 Васька Москва, 3 улица строителей", "action_flag": 2, "change_message": "[{\"added\": {\"name\": \"\\u042d\\u043b\\u0435\\u043c\\u0435\\u043d\\u0442 \\u0437\\u0430\\u043a\\u0430\\u0437\\u0430\", \"object\": \"            \\u0422\\u0440\\u043e\\u0439\\u043d\\u043e\\u0439 \\u0412\\u043e\\u043f\\u043f\\u0435\\u0440             \\u0412\\u0430\\u0441\\u044c\\u043a\\u0430             \\u041f\\u0435\\u0442\\u0440\\u043e\\u0432             \\u041c\\u043e\\u0441\\u043a\\u0432\\u0430, 3 \\u0443\\u043b\\u0438\\u0446\\u0430 \\u0441\\u0442\\u0440\\u043e\\u0438\\u0442\\u0435\\u043b\\u0435\\u0439\"}}]"}}, {"model": "admin.logentry", "pk": 18, "fields": {"action_time": "2021-09-15T13:54:10.171Z", "user": 1, "content_type": 11, "object_id": "1", "object_repr": "1 Васька Москва, 3 улица строителей", "action_flag": 2, "change_message": "[{\"added\": {\"name\": \"\\u042d\\u043b\\u0435\\u043c\\u0435\\u043d\\u0442 \\u0437\\u0430\\u043a\\u0430\\u0437\\u0430\", \"object\": \"            \\u0422\\u0440\\u043e\\u0439\\u043d\\u043e\\u0439 \\u0412\\u043e\\u043f\\u043f\\u0435\\u0440             \\u0412\\u0430\\u0441\\u044c\\u043a\\u0430             \\u041f\\u0435\\u0442\\u0440\\u043e\\u0432             \\u041c\\u043e\\u0441\\u043a\\u0432\\u0430, 3 \\u0443\\u043b\\u0438\\u0446\\u0430 \\u0441\\u0442\\u0440\\u043e\\u0438\\u0442\\u0435\\u043b\\u0435\\u0439\"}}]"}}, {"model": "admin.logentry", "pk": 19, "fields": {"action_time": "2021-09-15T13:54:19.167Z", "user": 1, "content_type": 11, "object_id": "1", "object_repr": "1 Васька Москва, 3 улица строителей", "action_flag": 2, "change_message": "[{\"deleted\": {\"name\": \"\\u042d\\u043b\\u0435\\u043c\\u0435\\u043d\\u0442 \\u0437\\u0430\\u043a\\u0430\\u0437\\u0430\", \"object\": \"            \\u0422\\u0440\\u043e\\u0439\\u043d\\u043e\\u0439 \\u0412\\u043e\\u043f\\u043f\\u0435\\u0440             \\u0412\\u0430\\u0441\\u044c\\u043a\\u0430             \\u041f\\u0435\\u0442\\u0440\\u043e\\u0432             \\u041c\\u043e\\u0441\\u043a\\u0432\\u0430, 3 \\u0443\\u043b\\u0438\\u0446\\u0430 \\u0441\\u0442\\u0440\\u043e\\u0438\\u0442\\u0435\\u043b\\u0435\\u0439\"}}]"}}, {"model": "admin.logentry", "pk": 20, "fields": {"action_time": "2021-09-15T15:33:33.623Z", "user": 1, "content_type": 11, "object_id": "2", "object_repr": "2 Николай Москва, пл. Киевского Вокзала, 2", "action_flag": 3, "change_message": ""}}, {"model": "admin.logentry", "pk": 21, "fields": {"action_time": "2021-09-15T15:41:01.761Z", "user": 1, "content_type": 11, "object_id": "7", "object_repr": "7 Г Мяу Мяу Сити", "action_flag": 3, "change_message": ""}}, {"model": "admin.logentry", "pk": 22, "fields": {"action_time": "2021-09-15T15:41:01.775Z", "user": 1, "content_type": 11, "object_id": "6", "object_repr": "6 Г Мяу Мяу Сити", "action_flag": 3, "change_message": ""}}, {"model": "admin.logentry", "pk": 23, "fields": {"action_time": "2021-09-15T15:41:01.789Z", "user": 1, "content_type": 11, "object_id": "5", "object_repr": "5 Г Мяу Мяу Сити", "action_flag": 3, "change_message": ""}}, {"model": "admin.logentry", "pk": 24, "fields": {"action_time": "2021-09-15T15:41:01.799Z", "user": 1, "content_type": 11, "object_id": "4", "object_repr": "4 Г Мяу Мяу Сити", "action_flag": 3, "change_message": ""}}, {"model": "admin.logentry", "pk": 25, "fields": {"action_time": "2021-09-15T15:41:01.813Z", "user": 1, "content_type": 11, "object_id": "3", "object_repr": "3 Гуся Мяу Мяу Сити", "action_flag": 3, "change_message": ""}}, {"model": "admin.logentry", "pk": 26, "fields": {"action_time": "2021-09-16T06:31:40.936Z", "user": 1, "content_type": 11, "object_id": "42", "object_repr": "42 Иван Москва", "action_flag": 3, "change_message": ""}}, {"model": "admin.logentry", "pk": 27, "fields": {"action_time": "2021-09-16T06:31:40.951Z", "user": 1, "content_type": 11, "object_id": "41", "object_repr": "41 Иван Москва", "action_flag": 3, "change_message": ""}}, {"model": "admin.logentry", "pk": 28, "fields": {"action_time": "2021-09-16T06:31:40.961Z", "user": 1, "content_type": 11, "object_id": "40", "object_repr": "40 Иван Москва", "action_flag": 3, "change_message": ""}}, {"model": "admin.logentry", "pk": 29, "fields": {"action_time": "2021-09-16T06:31:40.976Z", "user": 1, "content_type": 11, "object_id": "39", "object_repr": "39 Тимур Москва, Новый Арбат 10", "action_flag": 3, "change_message": ""}}, {"model": "admin.logentry", "pk": 30, "fields": {"action_time": "2021-09-16T06:31:40.986Z", "user": 1, "content_type": 11, "object_id": "37", "object_repr": "37 Тимур Москва, Новый Арбат 10", "action_flag": 3, "change_message": ""}}, {"model": "admin.logentry", "pk": 31, "fields": {"action_time": "2021-09-16T06:31:40.999Z", "user": 1, "content_type": 11, "object_id": "34", "object_repr": "34 Иван Москва", "action_flag": 3, "change_message": ""}}, {"model": "admin.logentry", "pk": 32, "fields": {"action_time": "2021-09-16T06:31:41.011Z", "user": 1, "content_type": 11, "object_id": "33", "object_repr": "33 Иван Москва", "action_flag": 3, "change_message": ""}}, {"model": "admin.logentry", "pk": 33, "fields": {"action_time": "2021-09-16T06:31:41.024Z", "user": 1, "content_type": 11, "object_id": "32", "object_repr": "32 Иван Москва", "action_flag": 3, "change_message": ""}}, {"model": "admin.logentry", "pk": 34, "fields": {"action_time": "2021-09-16T06:31:41.034Z", "user": 1, "content_type": 11, "object_id": "31", "object_repr": "31 Иван Москва", "action_flag": 3, "change_message": ""}}, {"model": "admin.logentry", "pk": 35, "fields": {"action_time": "2021-09-16T06:31:41.048Z", "user": 1, "content_type": 11, "object_id": "30", "object_repr": "30 Иван Москва", "action_flag": 3, "change_message": ""}}, {"model": "admin.logentry", "pk": 36, "fields": {"action_time": "2021-09-16T06:31:41.056Z", "user": 1, "content_type": 11, "object_id": "29", "object_repr": "29 Иван Москва", "action_flag": 3, "change_message": ""}}, {"model": "admin.logentry", "pk": 37, "fields": {"action_time": "2021-09-16T06:31:41.070Z", "user": 1, "content_type": 11, "object_id": "28", "object_repr": "28 Иван Москва", "action_flag": 3, "change_message": ""}}, {"model": "admin.logentry", "pk": 38, "fields": {"action_time": "2021-09-16T06:31:41.081Z", "user": 1, "content_type": 11, "object_id": "27", "object_repr": "27 Иван Москва", "action_flag": 3, "change_message": ""}}, {"model": "admin.logentry", "pk": 39, "fields": {"action_time": "2021-09-16T06:31:41.095Z", "user": 1, "content_type": 11, "object_id": "26", "object_repr": "26 Иван Москва", "action_flag": 3, "change_message": ""}}, {"model": "admin.logentry", "pk": 40, "fields": {"action_time": "2021-09-16T06:31:41.110Z", "user": 1, "content_type": 11, "object_id": "25", "object_repr": "25 Иван Москва", "action_flag": 3, "change_message": ""}}, {"model": "admin.logentry", "pk": 41, "fields": {"action_time": "2021-09-16T06:31:41.124Z", "user": 1, "content_type": 11, "object_id": "24", "object_repr": "24 Иван Москва", "action_flag": 3, "change_message": ""}}, {"model": "admin.logentry", "pk": 42, "fields": {"action_time": "2021-09-16T06:31:41.139Z", "user": 1, "content_type": 11, "object_id": "23", "object_repr": "23 Иван Москва", "action_flag": 3, "change_message": ""}}, {"model": "admin.logentry", "pk": 43, "fields": {"action_time": "2021-09-16T06:31:41.151Z", "user": 1, "content_type": 11, "object_id": "22", "object_repr": "22 Иван Москва", "action_flag": 3, "change_message": ""}}, {"model": "admin.logentry", "pk": 44, "fields": {"action_time": "2021-09-16T06:31:41.159Z", "user": 1, "content_type": 11, "object_id": "21", "object_repr": "21 Иван Москва", "action_flag": 3, "change_message": ""}}, {"model": "admin.logentry", "pk": 45, "fields": {"action_time": "2021-09-16T06:31:41.171Z", "user": 1, "content_type": 11, "object_id": "20", "object_repr": "20 Иван Москва", "action_flag": 3, "change_message": ""}}, {"model": "admin.logentry", "pk": 46, "fields": {"action_time": "2021-09-16T06:31:41.182Z", "user": 1, "content_type": 11, "object_id": "19", "object_repr": "19 Иван Москва", "action_flag": 3, "change_message": ""}}, {"model": "admin.logentry", "pk": 47, "fields": {"action_time": "2021-09-16T06:31:41.196Z", "user": 1, "content_type": 11, "object_id": "18", "object_repr": "18 Иван Москва", "action_flag": 3, "change_message": ""}}, {"model": "admin.logentry", "pk": 48, "fields": {"action_time": "2021-09-16T06:31:41.212Z", "user": 1, "content_type": 11, "object_id": "17", "object_repr": "17 Иван Москва", "action_flag": 3, "change_message": ""}}, {"model": "admin.logentry", "pk": 49, "fields": {"action_time": "2021-09-16T06:31:41.228Z", "user": 1, "content_type": 11, "object_id": "16", "object_repr": "16 Иван Москва", "action_flag": 3, "change_message": ""}}, {"model": "admin.logentry", "pk": 50, "fields": {"action_time": "2021-09-16T06:31:41.243Z", "user": 1, "content_type": 11, "object_id": "15", "object_repr": "15 Иван Москва", "action_flag": 3, "change_message": ""}}, {"model": "admin.logentry", "pk": 51, "fields": {"action_time": "2021-09-16T06:31:41.251Z", "user": 1, "content_type": 11, "object_id": "14", "object_repr": "14 Иван Москва", "action_flag": 3, "change_message": ""}}, {"model": "admin.logentry", "pk": 52, "fields": {"action_time": "2021-09-16T06:31:41.265Z", "user": 1, "content_type": 11, "object_id": "13", "object_repr": "13 Иван Москва", "action_flag": 3, "change_message": ""}}, {"model": "admin.logentry", "pk": 53, "fields": {"action_time": "2021-09-16T06:31:41.280Z", "user": 1, "content_type": 11, "object_id": "12", "object_repr": "12 VZE lkdjfskdfhkd   sdjfhsdjk", "action_flag": 3, "change_message": ""}}, {"model": "admin.logentry", "pk": 54, "fields": {"action_time": "2021-09-16T06:31:41.293Z", "user": 1, "content_type": 11, "object_id": "11", "object_repr": "11 VZ lkdjfskdfhkd   sdjfhsdjk", "action_flag": 3, "change_message": ""}}, {"model": "admin.logentry", "pk": 55, "fields": {"action_time": "2021-09-16T06:31:41.308Z", "user": 1, "content_type": 11, "object_id": "10", "object_repr": "10 VZ lkdjfskdfhkd   sdjfhsdjk", "action_flag": 3, "change_message": ""}}, {"model": "admin.logentry", "pk": 56, "fields": {"action_time": "2021-09-16T06:31:41.321Z", "user": 1, "content_type": 11, "object_id": "9", "object_repr": "9 VZ lkdjfskdfhkd   sdjfhsdjk", "action_flag": 3, "change_message": ""}}, {"model": "admin.logentry", "pk": 57, "fields": {"action_time": "2021-09-16T11:43:31.936Z", "user": 1, "content_type": 11, "object_id": "50", "object_repr": "50 [] Москва", "action_flag": 3, "change_message": ""}}, {"model": "admin.logentry", "pk": 58, "fields": {"action_time": "2021-09-16T11:43:31.953Z", "user": 1, "content_type": 11, "object_id": "49", "object_repr": "49 Иван Москва", "action_flag": 3, "change_message": ""}}, {"model": "admin.logentry", "pk": 59, "fields": {"action_time": "2021-09-16T11:43:31.964Z", "user": 1, "content_type": 11, "object_id": "48", "object_repr": "48 Иван Москва", "action_flag": 3, "change_message": ""}}, {"model": "admin.logentry", "pk": 60, "fields": {"action_time": "2021-09-16T11:43:31.980Z", "user": 1, "content_type": 11, "object_id": "47", "object_repr": "47 Иван Москва", "action_flag": 3, "change_message": ""}}, {"model": "admin.logentry", "pk": 61, "fields": {"action_time": "2021-09-16T11:43:31.991Z", "user": 1, "content_type": 11, "object_id": "46", "object_repr": "46 Иван Москва", "action_flag": 3, "change_message": ""}}, {"model": "admin.logentry", "pk": 62, "fields": {"action_time": "2021-09-16T11:43:32.001Z", "user": 1, "content_type": 11, "object_id": "45", "object_repr": "45 Иван Москва", "action_flag": 3, "change_message": ""}}, {"model": "admin.logentry", "pk": 63, "fields": {"action_time": "2021-09-16T11:43:32.013Z", "user": 1, "content_type": 11, "object_id": "44", "object_repr": "44 Иван Москва", "action_flag": 3, "change_message": ""}}, {"model": "admin.logentry", "pk": 64, "fields": {"action_time": "2021-09-16T11:43:32.029Z", "user": 1, "content_type": 11, "object_id": "43", "object_repr": "43 Иван Москва", "action_flag": 3, "change_message": ""}}, {"model": "admin.logentry", "pk": 65, "fields": {"action_time": "2021-09-16T11:43:32.043Z", "user": 1, "content_type": 11, "object_id": "36", "object_repr": "36 Иван Москва", "action_flag": 3, "change_message": ""}}, {"model": "admin.logentry", "pk": 66, "fields": {"action_time": "2021-09-16T11:54:14.448Z", "user": 1, "content_type": 11, "object_id": "51", "object_repr": "51 Иван Москва", "action_flag": 3, "change_message": ""}}, {"model": "admin.logentry", "pk": 67, "fields": {"action_time": "2021-09-16T11:54:41.462Z", "user": 1, "content_type": 11, "object_id": "52", "object_repr": "52 Иван Москва", "action_flag": 3, "change_message": ""}}, {"model": "admin.logentry", "pk": 68, "fields": {"action_time": "2021-09-16T11:58:35.643Z", "user": 1, "content_type": 11, "object_id": "53", "object_repr": "53 Иван Москва", "action_flag": 3, "change_message": ""}}, {"model": "admin.logentry", "pk": 69, "fields": {"action_time": "2021-09-16T11:58:47.186Z", "user": 1, "content_type": 11, "object_id": "54", "object_repr": "54 Иван Москва", "action_flag": 3, "change_message": ""}}, {"model": "admin.logentry", "pk": 70, "fields": {"action_time": "2021-09-16T12:00:10.018Z", "user": 1, "content_type": 11, "object_id": "55", "object_repr": "55 Иван Москва", "action_flag": 3, "change_message": ""}}, {"model": "admin.logentry", "pk": 71, "fields": {"action_time": "2021-09-16T12:02:22.183Z", "user": 1, "content_type": 11, "object_id": "56", "object_repr": "56 Иван Москва", "action_flag": 3, "change_message": ""}}, {"model": "admin.logentry", "pk": 72, "fields": {"action_time": "2021-09-16T12:29:22.610Z", "user": 1, "content_type": 11, "object_id": "58", "object_repr": "58 Иван Москва", "action_flag": 3, "change_message": ""}}, {"model": "admin.logentry", "pk": 73, "fields": {"action_time": "2021-09-16T12:29:22.625Z", "user": 1, "content_type": 11, "object_id": "57", "object_repr": "57 Иван Москва", "action_flag": 3, "change_message": ""}}, {"model": "admin.logentry", "pk": 74, "fields": {"action_time": "2021-09-16T20:10:11.958Z", "user": 1, "content_type": 11, "object_id": "86", "object_repr": "86 Гусенок Москва", "action_flag": 2, "change_message": "[]"}}, {"model": "admin.logentry", "pk": 75, "fields": {"action_time": "2021-09-17T04:28:11.087Z", "user": 1, "content_type": 11, "object_id": "95", "object_repr": "95 Василий Лондон", "action_flag": 3, "change_message": ""}}, {"model": "admin.logentry", "pk": 76, "fields": {"action_time": "2021-09-17T04:28:11.105Z", "user": 1, "content_type": 11, "object_id": "94", "object_repr": "94 Василий Лондон", "action_flag": 3, "change_message": ""}}, {"model": "admin.logentry", "pk": 77, "fields": {"action_time": "2021-09-17T04:28:11.122Z", "user": 1, "content_type": 11, "object_id": "93", "object_repr": "93 Василий Лондон", "action_flag": 3, "change_message": ""}}, {"model": "admin.logentry", "pk": 78, "fields": {"action_time": "2021-09-17T04:28:11.133Z", "user": 1, "content_type": 11, "object_id": "92", "object_repr": "92 Василий Лондон", "action_flag": 3, "change_message": ""}}, {"model": "admin.logentry", "pk": 79, "fields": {"action_time": "2021-09-17T04:28:11.143Z", "user": 1, "content_type": 11, "object_id": "91", "object_repr": "91 Василий Лондон", "action_flag": 3, "change_message": ""}}, {"model": "admin.logentry", "pk": 80, "fields": {"action_time": "2021-09-17T04:28:11.159Z", "user": 1, "content_type": 11, "object_id": "90", "object_repr": "90 Василий Лондон", "action_flag": 3, "change_message": ""}}, {"model": "admin.logentry", "pk": 81, "fields": {"action_time": "2021-09-17T04:28:11.176Z", "user": 1, "content_type": 11, "object_id": "89", "object_repr": "89 Василий Лондон", "action_flag": 3, "change_message": ""}}, {"model": "admin.logentry", "pk": 82, "fields": {"action_time": "2021-09-17T04:28:11.191Z", "user": 1, "content_type": 11, "object_id": "88", "object_repr": "88 Василий Лондон", "action_flag": 3, "change_message": ""}}, {"model": "admin.logentry", "pk": 83, "fields": {"action_time": "2021-09-17T04:28:32.873Z", "user": 1, "content_type": 11, "object_id": "96", "object_repr": "96 Василий Лондон", "action_flag": 3, "change_message": ""}}, {"model": "admin.logentry", "pk": 84, "fields": {"action_time": "2021-09-17T05:02:50.807Z", "user": 1, "content_type": 11, "object_id": "106", "object_repr": "106 Василий Лондон", "action_flag": 3, "change_message": ""}}, {"model": "admin.logentry", "pk": 85, "fields": {"action_time": "2021-09-17T05:02:50.837Z", "user": 1, "content_type": 11, "object_id": "105", "object_repr": "105 Василий Лондон", "action_flag": 3, "change_message": ""}}, {"model": "admin.logentry", "pk": 86, "fields": {"action_time": "2021-09-17T05:02:50.851Z", "user": 1, "content_type": 11, "object_id": "104", "object_repr": "104 Василий Лондон", "action_flag": 3, "change_message": ""}}, {"model": "admin.logentry", "pk": 87, "fields": {"action_time": "2021-09-17T05:02:50.866Z", "user": 1, "content_type": 11, "object_id": "103", "object_repr": "103 John London", "action_flag": 3, "change_message": ""}}, {"model": "admin.logentry", "pk": 88, "fields": {"action_time": "2021-09-17T05:02:50.882Z", "user": 1, "content_type": 11, "object_id": "102", "object_repr": "102 Василий Лондон", "action_flag": 3, "change_message": ""}}, {"model": "admin.logentry", "pk": 89, "fields": {"action_time": "2021-09-17T05:02:50.897Z", "user": 1, "content_type": 11, "object_id": "101", "object_repr": "101 Василий Лондон", "action_flag": 3, "change_message": ""}}, {"model": "admin.logentry", "pk": 90, "fields": {"action_time": "2021-09-17T05:02:50.910Z", "user": 1, "content_type": 11, "object_id": "100", "object_repr": "100 Василий Лондон", "action_flag": 3, "change_message": ""}}, {"model": "admin.logentry", "pk": 91, "fields": {"action_time": "2021-09-17T05:02:50.923Z", "user": 1, "content_type": 11, "object_id": "99", "object_repr": "99 Василий Лондон", "action_flag": 3, "change_message": ""}}, {"model": "admin.logentry", "pk": 92, "fields": {"action_time": "2021-09-17T05:02:50.938Z", "user": 1, "content_type": 11, "object_id": "98", "object_repr": "98 Василий Лондон", "action_flag": 3, "change_message": ""}}, {"model": "admin.logentry", "pk": 93, "fields": {"action_time": "2021-09-17T05:02:50.953Z", "user": 1, "content_type": 11, "object_id": "85", "object_repr": "85 Гусенок Москва", "action_flag": 3, "change_message": ""}}, {"model": "admin.logentry", "pk": 94, "fields": {"action_time": "2021-09-17T05:02:50.970Z", "user": 1, "content_type": 11, "object_id": "84", "object_repr": "84 Гусенок Москва", "action_flag": 3, "change_message": ""}}, {"model": "admin.logentry", "pk": 95, "fields": {"action_time": "2021-09-17T05:02:50.985Z", "user": 1, "content_type": 11, "object_id": "83", "object_repr": "83 Гусенок Москва", "action_flag": 3, "change_message": ""}}, {"model": "admin.logentry", "pk": 96, "fields": {"action_time": "2021-09-17T05:02:51.000Z", "user": 1, "content_type": 11, "object_id": "82", "object_repr": "82 Гусенок Москва", "action_flag": 3, "change_message": ""}}, {"model": "admin.logentry", "pk": 97, "fields": {"action_time": "2021-09-17T05:02:51.018Z", "user": 1, "content_type": 11, "object_id": "81", "object_repr": "81 Гусенок Москва", "action_flag": 3, "change_message": ""}}, {"model": "admin.logentry", "pk": 98, "fields": {"action_time": "2021-09-17T05:02:51.033Z", "user": 1, "content_type": 11, "object_id": "80", "object_repr": "80 Гусенок Москва", "action_flag": 3, "change_message": ""}}, {"model": "admin.logentry", "pk": 99, "fields": {"action_time": "2021-09-17T05:02:51.047Z", "user": 1, "content_type": 11, "object_id": "79", "object_repr": "79 Гусенок Москва", "action_flag": 3, "change_message": ""}}, {"model": "admin.logentry", "pk": 100, "fields": {"action_time": "2021-09-17T05:02:51.063Z", "user": 1, "content_type": 11, "object_id": "78", "object_repr": "78 Гусенок Москва", "action_flag": 3, "change_message": ""}}, {"model": "admin.logentry", "pk": 101, "fields": {"action_time": "2021-09-17T05:02:51.078Z", "user": 1, "content_type": 11, "object_id": "77", "object_repr": "77 Гусенок Москва", "action_flag": 3, "change_message": ""}}, {"model": "admin.logentry", "pk": 102, "fields": {"action_time": "2021-09-17T05:02:51.096Z", "user": 1, "content_type": 11, "object_id": "76", "object_repr": "76 Гусенок Москва", "action_flag": 3, "change_message": ""}}, {"model": "admin.logentry", "pk": 103, "fields": {"action_time": "2021-09-17T05:02:51.110Z", "user": 1, "content_type": 11, "object_id": "75", "object_repr": "75 Гусенок Москва", "action_flag": 3, "change_message": ""}}, {"model": "admin.logentry", "pk": 104, "fields": {"action_time": "2021-09-17T05:02:51.125Z", "user": 1, "content_type": 11, "object_id": "74", "object_repr": "74 Гусенок Москва", "action_flag": 3, "change_message": ""}}, {"model": "admin.logentry", "pk": 105, "fields": {"action_time": "2021-09-17T05:02:51.139Z", "user": 1, "content_type": 11, "object_id": "73", "object_repr": "73 Гусенок Москва", "action_flag": 3, "change_message": ""}}, {"model": "admin.logentry", "pk": 106, "fields": {"action_time": "2021-09-17T05:02:51.153Z", "user": 1, "content_type": 11, "object_id": "72", "object_repr": "72 Гусенок Москва", "action_flag": 3, "change_message": ""}}, {"model": "admin.logentry", "pk": 107, "fields": {"action_time": "2021-09-17T05:02:51.166Z", "user": 1, "content_type": 11, "object_id": "71", "object_repr": "71 Гусенок Москва", "action_flag": 3, "change_message": ""}}, {"model": "admin.logentry", "pk": 108, "fields": {"action_time": "2021-09-17T05:02:51.181Z", "user": 1, "content_type": 11, "object_id": "70", "object_repr": "70 Гусенок Москва", "action_flag": 3, "change_message": ""}}, {"model": "admin.logentry", "pk": 109, "fields": {"action_time": "2021-09-17T05:02:51.195Z", "user": 1, "content_type": 11, "object_id": "69", "object_repr": "69 Гусенок Москва", "action_flag": 3, "change_message": ""}}, {"model": "admin.logentry", "pk": 110, "fields": {"action_time": "2021-09-17T05:02:51.210Z", "user": 1, "content_type": 11, "object_id": "68", "object_repr": "68 Гусенок Москва", "action_flag": 3, "change_message": ""}}, {"model": "admin.logentry", "pk": 111, "fields": {"action_time": "2021-09-17T05:02:51.222Z", "user": 1, "content_type": 11, "object_id": "67", "object_repr": "67 Гусенок Москва", "action_flag": 3, "change_message": ""}}, {"model": "admin.logentry", "pk": 112, "fields": {"action_time": "2021-09-17T05:02:51.238Z", "user": 1, "content_type": 11, "object_id": "66", "object_repr": "66 Гусенок Москва", "action_flag": 3, "change_message": ""}}, {"model": "admin.logentry", "pk": 113, "fields": {"action_time": "2021-09-17T05:02:51.248Z", "user": 1, "content_type": 11, "object_id": "65", "object_repr": "65 Гусенок Москва", "action_flag": 3, "change_message": ""}}, {"model": "admin.logentry", "pk": 114, "fields": {"action_time": "2021-09-17T05:02:51.265Z", "user": 1, "content_type": 11, "object_id": "64", "object_repr": "64 Гусенок Москва", "action_flag": 3, "change_message": ""}}, {"model": "admin.logentry", "pk": 115, "fields": {"action_time": "2021-09-17T05:02:51.280Z", "user": 1, "content_type": 11, "object_id": "63", "object_repr": "63 Гусёнок Москва", "action_flag": 3, "change_message": ""}}, {"model": "admin.logentry", "pk": 116, "fields": {"action_time": "2021-09-17T05:02:51.293Z", "user": 1, "content_type": 11, "object_id": "62", "object_repr": "62 HVG Москва", "action_flag": 3, "change_message": ""}}, {"model": "admin.logentry", "pk": 117, "fields": {"action_time": "2021-09-17T05:02:51.308Z", "user": 1, "content_type": 11, "object_id": "61", "object_repr": "61 HVG Москва", "action_flag": 3, "change_message": ""}}, {"model": "admin.logentry", "pk": 118, "fields": {"action_time": "2021-09-17T05:02:51.322Z", "user": 1, "content_type": 11, "object_id": "60", "object_repr": "60 HVG Москва", "action_flag": 3, "change_message": ""}}, {"model": "admin.logentry", "pk": 119, "fields": {"action_time": "2021-09-17T05:03:18.042Z", "user": 1, "content_type": 11, "object_id": "38", "object_repr": "38 Тимур Москва, Новый Арбат 10", "action_flag": 3, "change_message": ""}}, {"model": "admin.logentry", "pk": 120, "fields": {"action_time": "2021-09-17T06:21:23.214Z", "user": 1, "content_type": 11, "object_id": "97", "object_repr": "97 Василий Лондон", "action_flag": 2, "change_message": "[{\"changed\": {\"name\": \"\\u042d\\u043b\\u0435\\u043c\\u0435\\u043d\\u0442 \\u0437\\u0430\\u043a\\u0430\\u0437\\u0430\", \"object\": \"            \\u0421\\u0442\\u0435\\u0439\\u043a\\u0445\\u0430\\u0443\\u0441             \\u0412\\u0430\\u0441\\u0438\\u043b\\u0438\\u0439             \\u0412\\u0430\\u0441\\u0438\\u043b\\u044c\\u0435\\u0432\\u0438\\u0447             \\u041b\\u043e\\u043d\\u0434\\u043e\\u043d\", \"fields\": [\"\\u041a\\u043e\\u043b\\u0438\\u0447\\u0435\\u0441\\u0442\\u0432\\u043e\"]}}]"}}, {"model": "admin.logentry", "pk": 121, "fields": {"action_time": "2021-09-17T06:24:38.599Z", "user": 1, "content_type": 11, "object_id": "97", "object_repr": "97 Василий Лондон", "action_flag": 2, "change_message": "[{\"added\": {\"name\": \"\\u042d\\u043b\\u0435\\u043c\\u0435\\u043d\\u0442 \\u0437\\u0430\\u043a\\u0430\\u0437\\u0430\", \"object\": \"            \\u0428\\u0440\\u0438\\u043c\\u043f \\u0420\\u043e\\u043b\\u043b             \\u0412\\u0430\\u0441\\u0438\\u043b\\u0438\\u0439             \\u0412\\u0430\\u0441\\u0438\\u043b\\u044c\\u0435\\u0432\\u0438\\u0447             \\u041b\\u043e\\u043d\\u0434\\u043e\\u043d\"}}, {\"changed\": {\"name\": \"\\u042d\\u043b\\u0435\\u043c\\u0435\\u043d\\u0442 \\u0437\\u0430\\u043a\\u0430\\u0437\\u0430\", \"object\": \"            \\u0421\\u0442\\u0435\\u0439\\u043a\\u0445\\u0430\\u0443\\u0441             \\u0412\\u0430\\u0441\\u0438\\u043b\\u0438\\u0439             \\u0412\\u0430\\u0441\\u0438\\u043b\\u044c\\u0435\\u0432\\u0438\\u0447             \\u041b\\u043e\\u043d\\u0434\\u043e\\u043d\", \"fields\": [\"\\u041a\\u043e\\u043b\\u0438\\u0447\\u0435\\u0441\\u0442\\u0432\\u043e\"]}}]"}}, {"model": "admin.logentry", "pk": 122, "fields": {"action_time": "2021-09-17T07:37:16.565Z", "user": 1, "content_type": 11, "object_id": "1", "object_repr": "1 Васька Москва, 3 улица строителей", "action_flag": 2, "change_message": "[{\"deleted\": {\"name\": \"\\u042d\\u043b\\u0435\\u043c\\u0435\\u043d\\u0442 \\u0437\\u0430\\u043a\\u0430\\u0437\\u0430\", \"object\": \"            \\u041b\\u043e\\u043d\\u0433 \\u0427\\u0438\\u0437\\u0431\\u0443\\u0440\\u0433\\u0435\\u0440             \\u0412\\u0430\\u0441\\u044c\\u043a\\u0430             \\u041f\\u0435\\u0442\\u0440\\u043e\\u0432             \\u041c\\u043e\\u0441\\u043a\\u0432\\u0430, 3 \\u0443\\u043b\\u0438\\u0446\\u0430 \\u0441\\u0442\\u0440\\u043e\\u0438\\u0442\\u0435\\u043b\\u0435\\u0439\"}}, {\"deleted\": {\"name\": \"\\u042d\\u043b\\u0435\\u043c\\u0435\\u043d\\u0442 \\u0437\\u0430\\u043a\\u0430\\u0437\\u0430\", \"object\": \"            \\u0422\\u0440\\u043e\\u0439\\u043d\\u043e\\u0439 \\u0412\\u043e\\u043f\\u043f\\u0435\\u0440             \\u0412\\u0430\\u0441\\u044c\\u043a\\u0430             \\u041f\\u0435\\u0442\\u0440\\u043e\\u0432             \\u041c\\u043e\\u0441\\u043a\\u0432\\u0430, 3 \\u0443\\u043b\\u0438\\u0446\\u0430 \\u0441\\u0442\\u0440\\u043e\\u0438\\u0442\\u0435\\u043b\\u0435\\u0439\"}}]"}}, {"model": "admin.logentry", "pk": 123, "fields": {"action_time": "2021-09-17T13:07:18.180Z", "user": 1, "content_type": 11, "object_id": "100", "object_repr": "100 DKDJJ SKKKK", "action_flag": 1, "change_message": "[{\"added\": {}}, {\"added\": {\"name\": \"\\u042d\\u043b\\u0435\\u043c\\u0435\\u043d\\u0442 \\u0437\\u0430\\u043a\\u0430\\u0437\\u0430\", \"object\": \"            \\u0421\\u0442\\u0435\\u0439\\u043a\\u0445\\u0430\\u0443\\u0441             DKDJJ             zkxfjdhfjdhfj             SKKKK\"}}]"}}, {"model": "admin.logentry", "pk": 124, "fields": {"action_time": "2021-09-17T13:07:37.407Z", "user": 1, "content_type": 11, "object_id": "100", "object_repr": "100 DKDJJ SKKKK", "action_flag": 3, "change_message": ""}}, {"model": "admin.logentry", "pk": 125, "fields": {"action_time": "2021-09-17T13:07:37.426Z", "user": 1, "content_type": 11, "object_id": "99", "object_repr": "99 Василий Лондон", "action_flag": 3, "change_message": ""}}, {"model": "admin.logentry", "pk": 126, "fields": {"action_time": "2021-09-17T13:07:37.442Z", "user": 1, "content_type": 11, "object_id": "98", "object_repr": "98 Василий 1Лондон", "action_flag": 3, "change_message": ""}}, {"model": "admin.logentry", "pk": 127, "fields": {"action_time": "2021-09-17T13:07:37.458Z", "user": 1, "content_type": 11, "object_id": "59", "object_repr": "59 HVG Москва", "action_flag": 3, "change_message": ""}}, {"model": "admin.logentry", "pk": 128, "fields": {"action_time": "2021-09-17T13:07:43.405Z", "user": 1, "content_type": 11, "object_id": "35", "object_repr": "35 Петя Спб, Кольская, 15", "action_flag": 2, "change_message": "[]"}}, {"model": "admin.logentry", "pk": 129, "fields": {"action_time": "2021-09-17T13:07:58.001Z", "user": 1, "content_type": 11, "object_id": "35", "object_repr": "35 Петя Спб, Кольская, 15", "action_flag": 2, "change_message": "[{\"changed\": {\"name\": \"\\u042d\\u043b\\u0435\\u043c\\u0435\\u043d\\u0442 \\u0437\\u0430\\u043a\\u0430\\u0437\\u0430\", \"object\": \"            \\u0421\\u0442\\u0435\\u0439\\u043a\\u0445\\u0430\\u0443\\u0441             \\u041f\\u0435\\u0442\\u044f             \\u041f\\u0435\\u0442\\u0440\\u043e\\u0432             \\u0421\\u043f\\u0431, \\u041a\\u043e\\u043b\\u044c\\u0441\\u043a\\u0430\\u044f, 15\", \"fields\": [\"\\u041a\\u043e\\u043b\\u0438\\u0447\\u0435\\u0441\\u0442\\u0432\\u043e\"]}}]"}}, {"model": "admin.logentry", "pk": 130, "fields": {"action_time": "2021-09-17T13:08:05.796Z", "user": 1, "content_type": 11, "object_id": "35", "object_repr": "35 Петя Спб, Кольская, 15", "action_flag": 2, "change_message": "[{\"changed\": {\"name\": \"\\u042d\\u043b\\u0435\\u043c\\u0435\\u043d\\u0442 \\u0437\\u0430\\u043a\\u0430\\u0437\\u0430\", \"object\": \"            \\u0421\\u0442\\u0435\\u0439\\u043a\\u0445\\u0430\\u0443\\u0441             \\u041f\\u0435\\u0442\\u044f             \\u041f\\u0435\\u0442\\u0440\\u043e\\u0432             \\u0421\\u043f\\u0431, \\u041a\\u043e\\u043b\\u044c\\u0441\\u043a\\u0430\\u044f, 15\", \"fields\": [\"\\u041a\\u043e\\u043b\\u0438\\u0447\\u0435\\u0441\\u0442\\u0432\\u043e\"]}}]"}}, {"model": "admin.logentry", "pk": 131, "fields": {"action_time": "2021-09-17T13:09:26.223Z", "user": 1, "content_type": 11, "object_id": "101", "object_repr": "101 Василий Лондон", "action_flag": 3, "change_message": ""}}, {"model": "admin.logentry", "pk": 132, "fields": {"action_time": "2021-09-17T18:46:10.911Z", "user": 1, "content_type": 11, "object_id": "118", "object_repr": "118 Василий Лондон", "action_flag": 3, "change_message": ""}}, {"model": "admin.logentry", "pk": 133, "fields": {"action_time": "2021-09-17T18:46:10.923Z", "user": 1, "content_type": 11, "object_id": "117", "object_repr": "117 Василий Лондон", "action_flag": 3, "change_message": ""}}, {"model": "admin.logentry", "pk": 134, "fields": {"action_time": "2021-09-17T18:46:10.939Z", "user": 1, "content_type": 11, "object_id": "116", "object_repr": "116 Василий Лондон", "action_flag": 3, "change_message": ""}}, {"model": "admin.logentry", "pk": 135, "fields": {"action_time": "2021-09-17T18:46:10.952Z", "user": 1, "content_type": 11, "object_id": "115", "object_repr": "115 Василий Лондон", "action_flag": 3, "change_message": ""}}, {"model": "admin.logentry", "pk": 136, "fields": {"action_time": "2021-09-17T18:46:10.966Z", "user": 1, "content_type": 11, "object_id": "114", "object_repr": "114 Василий Лондон", "action_flag": 3, "change_message": ""}}, {"model": "admin.logentry", "pk": 137, "fields": {"action_time": "2021-09-17T18:46:10.982Z", "user": 1, "content_type": 11, "object_id": "113", "object_repr": "113 Василий Лондон", "action_flag": 3, "change_message": ""}}, {"model": "admin.logentry", "pk": 138, "fields": {"action_time": "2021-09-17T18:46:10.998Z", "user": 1, "content_type": 11, "object_id": "111", "object_repr": "111 Василий Лондон", "action_flag": 3, "change_message": ""}}, {"model": "admin.logentry", "pk": 139, "fields": {"action_time": "2021-09-17T18:46:11.015Z", "user": 1, "content_type": 11, "object_id": "110", "object_repr": "110 Василий Лондон", "action_flag": 3, "change_message": ""}}, {"model": "admin.logentry", "pk": 140, "fields": {"action_time": "2021-09-17T18:46:11.027Z", "user": 1, "content_type": 11, "object_id": "109", "object_repr": "109 Василий Лондон", "action_flag": 3, "change_message": ""}}, {"model": "admin.logentry", "pk": 141, "fields": {"action_time": "2021-09-17T18:46:11.042Z", "user": 1, "content_type": 11, "object_id": "108", "object_repr": "108 Василий Лондон", "action_flag": 3, "change_message": ""}}, {"model": "admin.logentry", "pk": 142, "fields": {"action_time": "2021-09-17T18:46:11.057Z", "user": 1, "content_type": 11, "object_id": "107", "object_repr": "107 Василий Лондон", "action_flag": 3, "change_message": ""}}, {"model": "admin.logentry", "pk": 143, "fields": {"action_time": "2021-09-17T18:46:11.074Z", "user": 1, "content_type": 11, "object_id": "106", "object_repr": "106 Василий Лондон", "action_flag": 3, "change_message": ""}}, {"model": "admin.logentry", "pk": 144, "fields": {"action_time": "2021-09-17T18:46:11.089Z", "user": 1, "content_type": 11, "object_id": "105", "object_repr": "105 Василий Лондон", "action_flag": 3, "change_message": ""}}, {"model": "admin.logentry", "pk": 145, "fields": {"action_time": "2021-09-17T18:46:11.105Z", "user": 1, "content_type": 11, "object_id": "104", "object_repr": "104 Василий Лондон", "action_flag": 3, "change_message": ""}}, {"model": "admin.logentry", "pk": 146, "fields": {"action_time": "2021-09-17T18:46:11.136Z", "user": 1, "content_type": 11, "object_id": "103", "object_repr": "103 Василий Лондон", "action_flag": 3, "change_message": ""}}, {"model": "admin.logentry", "pk": 147, "fields": {"action_time": "2021-09-17T18:46:11.165Z", "user": 1, "content_type": 11, "object_id": "102", "object_repr": "102 Василий Лондон", "action_flag": 3, "change_message": ""}}, {"model": "admin.logentry", "pk": 148, "fields": {"action_time": "2021-09-17T18:46:11.182Z", "user": 1, "content_type": 11, "object_id": "97", "object_repr": "97 Василий Лондон", "action_flag": 3, "change_message": ""}}, {"model": "admin.logentry", "pk": 149, "fields": {"action_time": "2021-09-18T04:51:26.215Z", "user": 1, "content_type": 11, "object_id": "129", "object_repr": "129 Василий Лондон", "action_flag": 3, "change_message": ""}}, {"model": "admin.logentry", "pk": 150, "fields": {"action_time": "2021-09-18T04:51:26.228Z", "user": 1, "content_type": 11, "object_id": "128", "object_repr": "128 Василий Лондон", "action_flag": 3, "change_message": ""}}, {"model": "admin.logentry", "pk": 151, "fields": {"action_time": "2021-09-18T04:51:26.244Z", "user": 1, "content_type": 11, "object_id": "127", "object_repr": "127 Василий Лондон", "action_flag": 3, "change_message": ""}}, {"model": "admin.logentry", "pk": 152, "fields": {"action_time": "2021-09-18T04:51:26.259Z", "user": 1, "content_type": 11, "object_id": "126", "object_repr": "126 Василий Лондон", "action_flag": 3, "change_message": ""}}, {"model": "admin.logentry", "pk": 153, "fields": {"action_time": "2021-09-18T04:51:26.273Z", "user": 1, "content_type": 11, "object_id": "125", "object_repr": "125 Василий Лондон", "action_flag": 3, "change_message": ""}}, {"model": "admin.logentry", "pk": 154, "fields": {"action_time": "2021-09-18T04:51:26.288Z", "user": 1, "content_type": 11, "object_id": "124", "object_repr": "124 Василий Лондон", "action_flag": 3, "change_message": ""}}, {"model": "admin.logentry", "pk": 155, "fields": {"action_time": "2021-09-18T04:51:26.326Z", "user": 1, "content_type": 11, "object_id": "123", "object_repr": "123 Василий Лондон", "action_flag": 3, "change_message": ""}}, {"model": "admin.logentry", "pk": 156, "fields": {"action_time": "2021-09-18T04:51:26.342Z", "user": 1, "content_type": 11, "object_id": "122", "object_repr": "122 Василий СПб", "action_flag": 3, "change_message": ""}}, {"model": "admin.logentry", "pk": 157, "fields": {"action_time": "2021-09-18T04:51:26.353Z", "user": 1, "content_type": 11, "object_id": "121", "object_repr": "121 Василий Лондон", "action_flag": 3, "change_message": ""}}, {"model": "admin.logentry", "pk": 158, "fields": {"action_time": "2021-09-18T04:51:26.366Z", "user": 1, "content_type": 11, "object_id": "120", "object_repr": "120 Василий Лондон", "action_flag": 3, "change_message": ""}}, {"model": "admin.logentry", "pk": 159, "fields": {"action_time": "2021-09-18T04:51:26.379Z", "user": 1, "content_type": 11, "object_id": "119", "object_repr": "119 Василий Лондон", "action_flag": 3, "change_message": ""}}, {"model": "admin.logentry", "pk": 160, "fields": {"action_time": "2021-09-18T04:51:26.392Z", "user": 1, "content_type": 11, "object_id": "112", "object_repr": "112 Василий Лондон", "action_flag": 3, "change_message": ""}}, {"model": "admin.logentry", "pk": 161, "fields": {"action_time": "2021-09-18T05:13:23.991Z", "user": 1, "content_type": 11, "object_id": "130", "object_repr": "130 Василий1 Лондон", "action_flag": 2, "change_message": "[{\"changed\": {\"fields\": [\"\\u0418\\u043c\\u044f\"]}}]"}}, {"model": "admin.logentry", "pk": 162, "fields": {"action_time": "2021-09-18T05:13:37.017Z", "user": 1, "content_type": 11, "object_id": "130", "object_repr": "130 Васи2 Лондон", "action_flag": 2, "change_message": "[{\"changed\": {\"fields\": [\"\\u0418\\u043c\\u044f\"]}}]"}}, {"model": "admin.logentry", "pk": 163, "fields": {"action_time": "2021-09-18T05:34:31.882Z", "user": 1, "content_type": 11, "object_id": "130", "object_repr": "130 Васька Лондон", "action_flag": 2, "change_message": "[{\"changed\": {\"fields\": [\"\\u0418\\u043c\\u044f\"]}}]"}}, {"model": "admin.logentry", "pk": 164, "fields": {"action_time": "2021-09-18T05:34:45.602Z", "user": 1, "content_type": 11, "object_id": "130", "object_repr": "130 Васька Лондон", "action_flag": 2, "change_message": "[]"}}, {"model": "admin.logentry", "pk": 165, "fields": {"action_time": "2021-09-18T05:35:26.321Z", "user": 1, "content_type": 11, "object_id": "130", "object_repr": "130 Васька Лондон", "action_flag": 2, "change_message": "[]"}}, {"model": "admin.logentry", "pk": 166, "fields": {"action_time": "2021-09-18T05:36:47.728Z", "user": 1, "content_type": 11, "object_id": "130", "object_repr": "130 Васька Лондон", "action_flag": 2, "change_message": "[]"}}, {"model": "admin.logentry", "pk": 167, "fields": {"action_time": "2021-09-18T05:36:59.105Z", "user": 1, "content_type": 11, "object_id": "130", "object_repr": "130 Васька Лондон", "action_flag": 2, "change_message": "[]"}}, {"model": "admin.logentry", "pk": 168, "fields": {"action_time": "2021-09-18T05:38:20.314Z", "user": 1, "content_type": 11, "object_id": "130", "object_repr": "130 Васька1 Лондон", "action_flag": 2, "change_message": "[{\"changed\": {\"fields\": [\"\\u0418\\u043c\\u044f\"]}}]"}}, {"model": "admin.logentry", "pk": 169, "fields": {"action_time": "2021-09-18T05:39:09.808Z", "user": 1, "content_type": 11, "object_id": "130", "object_repr": "130 Васька1 Лондон", "action_flag": 2, "change_message": "[]"}}, {"model": "admin.logentry", "pk": 170, "fields": {"action_time": "2021-09-18T05:40:38.387Z", "user": 1, "content_type": 11, "object_id": "130", "object_repr": "130 Васька1 Лондон", "action_flag": 2, "change_message": "[]"}}, {"model": "admin.logentry", "pk": 171, "fields": {"action_time": "2021-09-18T05:40:52.276Z", "user": 1, "content_type": 11, "object_id": "130", "object_repr": "130 Васька Лондон", "action_flag": 2, "change_message": "[{\"changed\": {\"fields\": [\"\\u0418\\u043c\\u044f\"]}}]"}}, {"model": "admin.logentry", "pk": 172, "fields": {"action_time": "2021-09-18T05:41:26.445Z", "user": 1, "content_type": 11, "object_id": "130", "object_repr": "130 Васька Лондон1", "action_flag": 2, "change_message": "[{\"changed\": {\"fields\": [\"\\u0410\\u0434\\u0440\\u0435\\u0441 \\u0434\\u043e\\u0441\\u0442\\u0430\\u0432\\u043a\\u0438\"]}}]"}}, {"model": "admin.logentry", "pk": 173, "fields": {"action_time": "2021-09-18T05:41:38.332Z", "user": 1, "content_type": 11, "object_id": "130", "object_repr": "130 Васька Лондон1", "action_flag": 2, "change_message": "[]"}}, {"model": "admin.logentry", "pk": 174, "fields": {"action_time": "2021-09-18T05:47:05.767Z", "user": 1, "content_type": 11, "object_id": "130", "object_repr": "130 Васька Лондон, Бейкер Стрит, 12", "action_flag": 2, "change_message": "[{\"changed\": {\"fields\": [\"\\u0410\\u0434\\u0440\\u0435\\u0441 \\u0434\\u043e\\u0441\\u0442\\u0430\\u0432\\u043a\\u0438\"]}}]"}}, {"model": "admin.logentry", "pk": 175, "fields": {"action_time": "2021-09-18T05:48:21.595Z", "user": 1, "content_type": 11, "object_id": "130", "object_repr": "130 Васька Лондон, Бейкер Стрит, 12", "action_flag": 2, "change_message": "[]"}}, {"model": "admin.logentry", "pk": 176, "fields": {"action_time": "2021-09-18T05:49:00.549Z", "user": 1, "content_type": 11, "object_id": "130", "object_repr": "130 Васька Лондон, Бейкер Стрит, 12", "action_flag": 2, "change_message": "[]"}}, {"model": "admin.logentry", "pk": 177, "fields": {"action_time": "2021-09-18T05:55:23.199Z", "user": 1, "content_type": 11, "object_id": "130", "object_repr": "130 Васька Лондон, Бейкер Стрит, 12", "action_flag": 2, "change_message": "[{\"changed\": {\"fields\": [\"\\u0424\\u0430\\u043c\\u0438\\u043b\\u0438\\u044f\"]}}]"}}, {"model": "admin.logentry", "pk": 178, "fields": {"action_time": "2021-09-18T05:55:31.586Z", "user": 1, "content_type": 11, "object_id": "130", "object_repr": "130 Васька Лондон, Бейкер Стрит, 12", "action_flag": 2, "change_message": "[]"}}, {"model": "admin.logentry", "pk": 179, "fields": {"action_time": "2021-09-18T05:55:47.819Z", "user": 1, "content_type": 11, "object_id": "130", "object_repr": "130 Васька Лондон, Бейкер Стрит, 12", "action_flag": 2, "change_message": "[]"}}, {"model": "admin.logentry", "pk": 180, "fields": {"action_time": "2021-09-18T05:55:54.393Z", "user": 1, "content_type": 11, "object_id": "130", "object_repr": "130 Васька Лондон, Бейкер Стрит, 12", "action_flag": 2, "change_message": "[]"}}, {"model": "admin.logentry", "pk": 181, "fields": {"action_time": "2021-09-18T06:03:17.339Z", "user": 1, "content_type": 11, "object_id": "130", "object_repr": "130 Васька Лондон, Бейкер Стрит, 12", "action_flag": 2, "change_message": "[]"}}, {"model": "admin.logentry", "pk": 182, "fields": {"action_time": "2021-09-18T06:03:22.760Z", "user": 1, "content_type": 11, "object_id": "130", "object_repr": "130 Васька Лондон, Бейкер Стрит, 12", "action_flag": 2, "change_message": "[]"}}, {"model": "admin.logentry", "pk": 183, "fields": {"action_time": "2021-09-18T06:05:07.763Z", "user": 1, "content_type": 11, "object_id": "130", "object_repr": "130 Васька Лондон, Бейкер Стрит, 12", "action_flag": 2, "change_message": "[]"}}, {"model": "admin.logentry", "pk": 184, "fields": {"action_time": "2021-09-18T06:11:29.319Z", "user": 1, "content_type": 11, "object_id": "130", "object_repr": "130 Васька Лондон, Бейкер Стрит, 12", "action_flag": 2, "change_message": "[]"}}, {"model": "admin.logentry", "pk": 185, "fields": {"action_time": "2021-09-18T06:11:35.994Z", "user": 1, "content_type": 11, "object_id": "130", "object_repr": "130 Васька Лондон, Бейкер Стрит, 12", "action_flag": 2, "change_message": "[]"}}, {"model": "admin.logentry", "pk": 186, "fields": {"action_time": "2021-09-18T06:11:43.739Z", "user": 1, "content_type": 11, "object_id": "130", "object_repr": "130 Васька Лондон, Бейкер Стрит, 12", "action_flag": 2, "change_message": "[]"}}, {"model": "admin.logentry", "pk": 187, "fields": {"action_time": "2021-09-18T06:12:34.082Z", "user": 1, "content_type": 11, "object_id": "130", "object_repr": "130 Васька Лондон, Бейкер Стрит, 12", "action_flag": 2, "change_message": "[]"}}, {"model": "admin.logentry", "pk": 188, "fields": {"action_time": "2021-09-18T06:15:00.599Z", "user": 1, "content_type": 11, "object_id": "130", "object_repr": "130 Васька Лондон, Бейкер Стрит, 12", "action_flag": 2, "change_message": "[]"}}, {"model": "admin.logentry", "pk": 189, "fields": {"action_time": "2021-09-18T06:15:20.822Z", "user": 1, "content_type": 11, "object_id": "86", "object_repr": "86 Гусенок Петушки", "action_flag": 2, "change_message": "[{\"changed\": {\"fields\": [\"\\u0410\\u0434\\u0440\\u0435\\u0441 \\u0434\\u043e\\u0441\\u0442\\u0430\\u0432\\u043a\\u0438\"]}}]"}}, {"model": "admin.logentry", "pk": 190, "fields": {"action_time": "2021-09-18T06:15:36.214Z", "user": 1, "content_type": 11, "object_id": "86", "object_repr": "86 Гусенок Петушки, 18", "action_flag": 2, "change_message": "[{\"changed\": {\"fields\": [\"\\u0410\\u0434\\u0440\\u0435\\u0441 \\u0434\\u043e\\u0441\\u0442\\u0430\\u0432\\u043a\\u0438\"]}}]"}}, {"model": "admin.logentry", "pk": 191, "fields": {"action_time": "2021-09-18T06:48:12.915Z", "user": 1, "content_type": 11, "object_id": "35", "object_repr": "35 Петя Спб, Кольская, 15", "action_flag": 2, "change_message": "[{\"changed\": {\"fields\": [\"Status\"]}}]"}}, {"model": "admin.logentry", "pk": 192, "fields": {"action_time": "2021-09-18T06:51:40.245Z", "user": 1, "content_type": 11, "object_id": "8", "object_repr": "8 Гуся Мяу Мяу Сити", "action_flag": 2, "change_message": "[{\"changed\": {\"fields\": [\"\\u0421\\u0442\\u0430\\u0442\\u0443\\u0441\"]}}]"}}, {"model": "admin.logentry", "pk": 193, "fields": {"action_time": "2021-09-18T07:41:50.367Z", "user": 1, "content_type": 11, "object_id": "130", "object_repr": "130 Васька Лондон, Бейкер Стрит, 12", "action_flag": 2, "change_message": "[{\"changed\": {\"fields\": [\"\\u041a\\u043e\\u043c\\u043c\\u0435\\u043d\\u0442\\u0430\\u0440\\u0438\\u0439\"]}}]"}}, {"model": "admin.logentry", "pk": 194, "fields": {"action_time": "2021-09-18T07:44:39.050Z", "user": 1, "content_type": 11, "object_id": "87", "object_repr": "87 Иван СПб", "action_flag": 2, "change_message": "[{\"changed\": {\"fields\": [\"\\u041a\\u043e\\u043c\\u043c\\u0435\\u043d\\u0442\\u0430\\u0440\\u0438\\u0439\"]}}]"}}, {"model": "admin.logentry", "pk": 195, "fields": {"action_time": "2021-09-18T07:45:27.652Z", "user": 1, "content_type": 11, "object_id": "132", "object_repr": "132 Василий Лондон", "action_flag": 3, "change_message": ""}}, {"model": "admin.logentry", "pk": 196, "fields": {"action_time": "2021-09-18T07:45:27.669Z", "user": 1, "content_type": 11, "object_id": "131", "object_repr": "131 Василий Лондон", "action_flag": 3, "change_message": ""}}, {"model": "admin.logentry", "pk": 197, "fields": {"action_time": "2021-09-18T19:12:24.980Z", "user": 1, "content_type": 11, "object_id": "133", "object_repr": "133 Николай Санкт-Петербург, Московский, 171, 25", "action_flag": 2, "change_message": "[]"}}, {"model": "admin.logentry", "pk": 198, "fields": {"action_time": "2021-09-18T19:16:48.156Z", "user": 1, "content_type": 11, "object_id": "130", "object_repr": "130 Васька Лондон, Бейкер Стрит, 12", "action_flag": 2, "change_message": "[]"}}, {"model": "admin.logentry", "pk": 199, "fields": {"action_time": "2021-09-19T04:56:17.403Z", "user": 1, "content_type": 11, "object_id": "133", "object_repr": "133 Николай Санкт-Петербург, Московский, 171, 25", "action_flag": 2, "change_message": "[{\"changed\": {\"fields\": [\"Called at\"]}}]"}}, {"model": "admin.logentry", "pk": 200, "fields": {"action_time": "2021-09-19T04:56:38.370Z", "user": 1, "content_type": 11, "object_id": "130", "object_repr": "130 Васька Лондон, Бейкер Стрит, 12", "action_flag": 2, "change_message": "[]"}}, {"model": "admin.logentry", "pk": 201, "fields": {"action_time": "2021-09-19T04:56:44.974Z", "user": 1, "content_type": 11, "object_id": "133", "object_repr": "133 Николай Санкт-Петербург, Московский, 171, 25", "action_flag": 2, "change_message": "[]"}}, {"model": "admin.logentry", "pk": 202, "fields": {"action_time": "2021-09-19T05:05:23.422Z", "user": 1, "content_type": 11, "object_id": "133", "object_repr": "133 Николай Санкт-Петербург, Московский, 171, 25", "action_flag": 2, "change_message": "[{\"changed\": {\"fields\": [\"\\u0421\\u043f\\u043e\\u0441\\u043e\\u0431 \\u043e\\u043f\\u043b\\u0430\\u0442\\u044b\"]}}]"}}, {"model": "admin.logentry", "pk": 203, "fields": {"action_time": "2021-09-19T05:05:37.259Z", "user": 1, "content_type": 11, "object_id": "87", "object_repr": "87 Иван СПб", "action_flag": 2, "change_message": "[{\"changed\": {\"fields\": [\"\\u0421\\u043f\\u043e\\u0441\\u043e\\u0431 \\u043e\\u043f\\u043b\\u0430\\u0442\\u044b\"]}}]"}}, {"model": "admin.logentry", "pk": 204, "fields": {"action_time": "2021-09-19T05:10:34.791Z", "user": 1, "content_type": 11, "object_id": "133", "object_repr": "133 Николай Санкт-Петербург, Московский, 171, 25", "action_flag": 2, "change_message": "[{\"changed\": {\"fields\": [\"\\u041a\\u043e\\u043c\\u043c\\u0435\\u043d\\u0442\\u0430\\u0440\\u0438\\u0439\"]}}]"}}, {"model": "admin.logentry", "pk": 205, "fields": {"action_time": "2021-09-19T05:14:24.113Z", "user": 1, "content_type": 11, "object_id": "1", "object_repr": "1 Васька Москва, 3 улица строителей", "action_flag": 2, "change_message": "[{\"changed\": {\"fields\": [\"\\u0421\\u043f\\u043e\\u0441\\u043e\\u0431 \\u043e\\u043f\\u043b\\u0430\\u0442\\u044b\", \"\\u041a\\u043e\\u043c\\u043c\\u0435\\u043d\\u0442\\u0430\\u0440\\u0438\\u0439\"]}}]"}}, {"model": "admin.logentry", "pk": 206, "fields": {"action_time": "2021-09-19T05:35:51.842Z", "user": 1, "content_type": 11, "object_id": "1", "object_repr": "1 Васька Москва, 3 улица строителей", "action_flag": 2, "change_message": "[{\"deleted\": {\"name\": \"\\u042d\\u043b\\u0435\\u043c\\u0435\\u043d\\u0442 \\u0437\\u0430\\u043a\\u0430\\u0437\\u0430\", \"object\": \"            \\u0424\\u0438\\u0448 \\u0420\\u043e\\u043b\\u043b             \\u0412\\u0430\\u0441\\u044c\\u043a\\u0430             \\u041f\\u0435\\u0442\\u0440\\u043e\\u0432             \\u041c\\u043e\\u0441\\u043a\\u0432\\u0430, 3 \\u0443\\u043b\\u0438\\u0446\\u0430 \\u0441\\u0442\\u0440\\u043e\\u0438\\u0442\\u0435\\u043b\\u0435\\u0439\"}}]"}}, {"model": "admin.logentry", "pk": 207, "fields": {"action_time": "2021-09-19T09:43:42.854Z", "user": 1, "content_type": 11, "object_id": "130", "object_repr": "130 Васька Лондон, Бейкер Стрит, 12", "action_flag": 2, "change_message": "[{\"changed\": {\"fields\": [\"Restaurant\"]}}]"}}, {"model": "admin.logentry", "pk": 208, "fields": {"action_time": "2021-09-19T09:52:57.674Z", "user": 1, "content_type": 11, "object_id": "87", "object_repr": "87 Иван СПб", "action_flag": 2, "change_message": "[{\"changed\": {\"fields\": [\"Restaurant\"]}}]"}}, {"model": "admin.logentry", "pk": 209, "fields": {"action_time": "2021-09-19T11:47:03.983Z", "user": 1, "content_type": 11, "object_id": "87", "object_repr": "87 Иван Москва, Охотный ряд, 3", "action_flag": 2, "change_message": "[{\"changed\": {\"fields\": [\"\\u0410\\u0434\\u0440\\u0435\\u0441 \\u0434\\u043e\\u0441\\u0442\\u0430\\u0432\\u043a\\u0438\"]}}]"}}, {"model": "admin.logentry", "pk": 210, "fields": {"action_time": "2021-09-19T11:47:35.619Z", "user": 1, "content_type": 11, "object_id": "35", "object_repr": "35 Петя Москва, Тверская, 55", "action_flag": 2, "change_message": "[{\"changed\": {\"fields\": [\"\\u0410\\u0434\\u0440\\u0435\\u0441 \\u0434\\u043e\\u0441\\u0442\\u0430\\u0432\\u043a\\u0438\"]}}]"}}, {"model": "admin.logentry", "pk": 211, "fields": {"action_time": "2021-09-19T11:48:01.791Z", "user": 1, "content_type": 11, "object_id": "8", "object_repr": "8 Гуся Москва, Ленинский проспект, 37", "action_flag": 2, "change_message": "[{\"changed\": {\"fields\": [\"\\u0410\\u0434\\u0440\\u0435\\u0441 \\u0434\\u043e\\u0441\\u0442\\u0430\\u0432\\u043a\\u0438\"]}}]"}}, {"model": "admin.logentry", "pk": 212, "fields": {"action_time": "2021-09-19T11:48:25.112Z", "user": 1, "content_type": 11, "object_id": "1", "object_repr": "1 Васька Москва, 3 улица строителей, 24", "action_flag": 2, "change_message": "[{\"changed\": {\"fields\": [\"\\u0410\\u0434\\u0440\\u0435\\u0441 \\u0434\\u043e\\u0441\\u0442\\u0430\\u0432\\u043a\\u0438\"]}}]"}}, {"model": "admin.logentry", "pk": 213, "fields": {"action_time": "2021-09-19T20:28:15.749Z", "user": 1, "content_type": 11, "object_id": "86", "object_repr": "86 Гусенок Мяу мяу сити", "action_flag": 2, "change_message": "[{\"changed\": {\"fields\": [\"\\u0410\\u0434\\u0440\\u0435\\u0441 \\u0434\\u043e\\u0441\\u0442\\u0430\\u0432\\u043a\\u0438\"]}}]"}}, {"model": "admin.logentry", "pk": 214, "fields": {"action_time": "2021-09-20T06:12:38.814Z", "user": 1, "content_type": 11, "object_id": "35", "object_repr": "35 Петя Москва, Тверская, 55", "action_flag": 2, "change_message": "[{\"changed\": {\"fields\": [\"Restaurant\"]}}]"}}, {"model": "admin.logentry", "pk": 215, "fields": {"action_time": "2021-10-04T18:21:44.050Z", "user": 1, "content_type": 11, "object_id": "87", "object_repr": "87 Иван Москва, Охотный ряд, 3", "action_flag": 2, "change_message": "[{\"changed\": {\"fields\": [\"\\u0421\\u043f\\u043e\\u0441\\u043e\\u0431 \\u043e\\u043f\\u043b\\u0430\\u0442\\u044b\"]}}]"}}, {"model": "admin.logentry", "pk": 216, "fields": {"action_time": "2021-10-04T19:06:34.990Z", "user": 1, "content_type": 11, "object_id": "87", "object_repr": "87 Иван Москва, Охотный ряд, 3", "action_flag": 2, "change_message": "[]"}}, {"model": "admin.logentry", "pk": 217, "fields": {"action_time": "2021-10-04T19:34:30.950Z", "user": 1, "content_type": 11, "object_id": "135", "object_repr": "135 sdfsdf sdfsdf", "action_flag": 3, "change_message": ""}}, {"model": "admin.logentry", "pk": 218, "fields": {"action_time": "2021-10-04T19:39:48.836Z", "user": 1, "content_type": 11, "object_id": "137", "object_repr": "137 ывпаывавы ываываыв", "action_flag": 3, "change_message": ""}}, {"model": "admin.logentry", "pk": 219, "fields": {"action_time": "2021-10-05T05:29:02.626Z", "user": 1, "content_type": 11, "object_id": "143", "object_repr": "143 Пёс Москва, Цветной бульвар, 24", "action_flag": 2, "change_message": "[]"}}, {"model": "admin.logentry", "pk": 220, "fields": {"action_time": "2021-10-05T05:29:16.351Z", "user": 1, "content_type": 11, "object_id": "143", "object_repr": "143 Пёс Москва, Цветной бульвар, 24", "action_flag": 2, "change_message": "[{\"changed\": {\"fields\": [\"\\u0421\\u043f\\u043e\\u0441\\u043e\\u0431 \\u043e\\u043f\\u043b\\u0430\\u0442\\u044b\"]}}]"}}, {"model": "admin.logentry", "pk": 221, "fields": {"action_time": "2021-10-05T05:30:06.273Z", "user": 1, "content_type": 11, "object_id": "142", "object_repr": "142 лыораовр Москва, Цветной бульвар, 23", "action_flag": 3, "change_message": ""}}, {"model": "admin.logentry", "pk": 222, "fields": {"action_time": "2021-10-05T05:30:06.300Z", "user": 1, "content_type": 11, "object_id": "141", "object_repr": "141 Котейка Москва, Цветной бульвар, 21", "action_flag": 3, "change_message": ""}}, {"model": "admin.logentry", "pk": 223, "fields": {"action_time": "2021-10-05T05:30:06.316Z", "user": 1, "content_type": 11, "object_id": "140", "object_repr": "140 Киса Москва, Цветной бульвар, 20", "action_flag": 3, "change_message": ""}}, {"model": "admin.logentry", "pk": 224, "fields": {"action_time": "2021-10-05T05:30:06.331Z", "user": 1, "content_type": 11, "object_id": "138", "object_repr": "138 Виктор Москва, ул. Новый Арбат, 4", "action_flag": 3, "change_message": ""}}, {"model": "admin.logentry", "pk": 225, "fields": {"action_time": "2021-10-05T05:30:06.348Z", "user": 1, "content_type": 11, "object_id": "136", "object_repr": "136 Петр Спб, Кольская, 15", "action_flag": 3, "change_message": ""}}, {"model": "admin.logentry", "pk": 226, "fields": {"action_time": "2021-10-05T05:30:06.361Z", "user": 1, "content_type": 11, "object_id": "134", "object_repr": "134 Юрий СПб, Парфёновская 11", "action_flag": 3, "change_message": ""}}, {"model": "admin.logentry", "pk": 227, "fields": {"action_time": "2021-10-05T05:31:43.162Z", "user": 1, "content_type": 11, "object_id": "139", "object_repr": "139 Кот Химки, Ленина 3", "action_flag": 2, "change_message": "[]"}}, {"model": "admin.logentry", "pk": 228, "fields": {"action_time": "2021-10-05T16:29:22.690Z", "user": 1, "content_type": 11, "object_id": "145", "object_repr": "145 Вася Москва Ленинский проспект 33", "action_flag": 2, "change_message": "[{\"changed\": {\"fields\": [\"\\u0420\\u0435\\u0441\\u0442\\u043e\\u0440\\u0430\\u043d\"]}}]"}}, {"model": "admin.logentry", "pk": 229, "fields": {"action_time": "2021-10-07T18:17:13.932Z", "user": 1, "content_type": 11, "object_id": "152", "object_repr": "152 ertertert Москва, ул. Новый Арбат, 49", "action_flag": 2, "change_message": "[{\"changed\": {\"fields\": [\"\\u041a\\u043e\\u043c\\u043c\\u0435\\u043d\\u0442\\u0430\\u0440\\u0438\\u0439\"]}}]"}}, {"model": "admin.logentry", "pk": 230, "fields": {"action_time": "2021-10-07T18:19:31.347Z", "user": 1, "content_type": 11, "object_id": "152", "object_repr": "152 ertertert Москва, ул. Новый Арбат, 49", "action_flag": 2, "change_message": "[{\"changed\": {\"fields\": [\"\\u0421\\u0442\\u0430\\u0442\\u0443\\u0441\"]}}]"}}, {"model": "admin.logentry", "pk": 231, "fields": {"action_time": "2021-10-08T04:16:51.652Z", "user": 1, "content_type": 11, "object_id": "152", "object_repr": "152 ertertert Москва, ул. Новый Арбат, 49", "action_flag": 3, "change_message": ""}}, {"model": "admin.logentry", "pk": 232, "fields": {"action_time": "2021-10-08T04:17:26.548Z", "user": 1, "content_type": 11, "object_id": "151", "object_repr": "151 JDJJJJJJDJDJ Москва, ул. Новый Арбат, 50", "action_flag": 3, "change_message": ""}}, {"model": "admin.logentry", "pk": 233, "fields": {"action_time": "2021-10-08T04:17:26.563Z", "user": 1, "content_type": 11, "object_id": "148", "object_repr": "148 Коля Москва, ул. Новый Арбат, 43", "action_flag": 3, "change_message": ""}}, {"model": "admin.logentry", "pk": 234, "fields": {"action_time": "2021-10-08T04:17:26.576Z", "user": 1, "content_type": 11, "object_id": "146", "object_repr": "146 wertert Москва, ул. Новый Арбат, 40", "action_flag": 3, "change_message": ""}}, {"model": "admin.logentry", "pk": 235, "fields": {"action_time": "2021-10-08T04:17:26.591Z", "user": 1, "content_type": 11, "object_id": "144", "object_repr": "144 Мороз Москва, Красная площадь", "action_flag": 3, "change_message": ""}}, {"model": "admin.logentry", "pk": 236, "fields": {"action_time": "2021-10-08T04:17:26.606Z", "user": 1, "content_type": 11, "object_id": "143", "object_repr": "143 Пёс Москва, Цветной бульвар, 24", "action_flag": 3, "change_message": ""}}, {"model": "admin.logentry", "pk": 237, "fields": {"action_time": "2021-10-08T04:29:26.797Z", "user": 1, "content_type": 11, "object_id": "153", "object_repr": "153 Smith Москва, Ленинградский вокзал", "action_flag": 2, "change_message": "[{\"changed\": {\"fields\": [\"\\u0421\\u043f\\u043e\\u0441\\u043e\\u0431 \\u043e\\u043f\\u043b\\u0430\\u0442\\u044b\"]}}]"}}, {"model": "admin.logentry", "pk": 238, "fields": {"action_time": "2021-10-08T04:31:58.844Z", "user": 1, "content_type": 11, "object_id": "154", "object_repr": "154 Лев Москва, Рогожский Вал, 10", "action_flag": 2, "change_message": "[{\"changed\": {\"fields\": [\"\\u0421\\u0442\\u0430\\u0442\\u0443\\u0441\", \"\\u0421\\u043f\\u043e\\u0441\\u043e\\u0431 \\u043e\\u043f\\u043b\\u0430\\u0442\\u044b\", \"\\u041a\\u043e\\u043c\\u043c\\u0435\\u043d\\u0442\\u0430\\u0440\\u0438\\u0439\"]}}]"}}, {"model": "admin.logentry", "pk": 239, "fields": {"action_time": "2021-10-08T04:46:18.036Z", "user": 1, "content_type": 11, "object_id": "150", "object_repr": "150 Петька Москва, ул. Новый Арбат, 48", "action_flag": 2, "change_message": "[{\"changed\": {\"fields\": [\"\\u0421\\u0442\\u0430\\u0442\\u0443\\u0441\", \"\\u0421\\u043f\\u043e\\u0441\\u043e\\u0431 \\u043e\\u043f\\u043b\\u0430\\u0442\\u044b\"]}}]"}}, {"model": "admin.logentry", "pk": 240, "fields": {"action_time": "2021-10-16T04:39:49.716Z", "user": 1, "content_type": 11, "object_id": "1", "object_repr": "1 Васька Москва, 3 улица строителей, 24", "action_flag": 2, "change_message": "[{\"changed\": {\"fields\": [\"\\u0412\\u0440\\u0435\\u043c\\u044f \\u0437\\u0432\\u043e\\u043d\\u043a\\u0430\"]}}]"}}, {"model": "admin.logentry", "pk": 241, "fields": {"action_time": "2021-10-16T04:41:38.617Z", "user": 1, "content_type": 11, "object_id": "86", "object_repr": "86 Гусенок Мяу мяу сити", "action_flag": 2, "change_message": "[]"}}, {"model": "admin.logentry", "pk": 242, "fields": {"action_time": "2021-10-16T04:45:02.780Z", "user": 1, "content_type": 11, "object_id": "154", "object_repr": "154 Лев Москва, Рогожский Вал, 10", "action_flag": 2, "change_message": "[{\"changed\": {\"fields\": [\"\\u0412\\u0440\\u0435\\u043c\\u044f \\u0434\\u043e\\u0441\\u0442\\u0430\\u0432\\u043a\\u0438\"]}}]"}}, {"model": "admin.logentry", "pk": 243, "fields": {"action_time": "2021-10-16T04:45:17.893Z", "user": 1, "content_type": 11, "object_id": "154", "object_repr": "154 Лев Москва, Рогожский Вал, 10", "action_flag": 2, "change_message": "[{\"changed\": {\"fields\": [\"\\u0412\\u0440\\u0435\\u043c\\u044f \\u0437\\u0432\\u043e\\u043d\\u043a\\u0430\"]}}]"}}, {"model": "admin.logentry", "pk": 244, "fields": {"action_time": "2021-11-02T05:50:43.433Z", "user": 1, "content_type": 11, "object_id": "153", "object_repr": "153 Smith Москва, Ленинградский вокзал", "action_flag": 2, "change_message": "[]"}}, {"model": "auth.permission", "pk": 1, "fields": {"name": "Can add товар", "content_type": 1, "codename": "add_product"}}, {"model": "auth.permission", "pk": 2, "fields": {"name": "Can change товар", "content_type": 1, "codename": "change_product"}}, {"model": "auth.permission", "pk": 3, "fields": {"name": "Can delete товар", "content_type": 1, "codename": "delete_product"}}, {"model": "auth.permission", "pk": 4, "fields": {"name": "Can view товар", "content_type": 1, "codename": "view_product"}}, {"model": "auth.permission", "pk": 5, "fields": {"name": "Can add ресторан", "content_type": 2, "codename": "add_restaurant"}}, {"model": "auth.permission", "pk": 6, "fields": {"name": "Can change ресторан", "content_type": 2, "codename": "change_restaurant"}}, {"model": "auth.permission", "pk": 7, "fields": {"name": "Can delete ресторан", "content_type": 2, "codename": "delete_restaurant"}}, {"model": "auth.permission", "pk": 8, "fields": {"name": "Can view ресторан", "content_type": 2, "codename": "view_restaurant"}}, {"model": "auth.permission", "pk": 9, "fields": {"name": "Can add пункт меню ресторана", "content_type": 3, "codename": "add_restaurantmenuitem"}}, {"model": "auth.permission", "pk": 10, "fields": {"name": "Can change пункт меню ресторана", "content_type": 3, "codename": "change_restaurantmenuitem"}}, {"model": "auth.permission", "pk": 11, "fields": {"name": "Can delete пункт меню ресторана", "content_type": 3, "codename": "delete_restaurantmenuitem"}}, {"model": "auth.permission", "pk": 12, "fields": {"name": "Can view пункт меню ресторана", "content_type": 3, "codename": "view_restaurantmenuitem"}}, {"model": "auth.permission", "pk": 13, "fields": {"name": "Can add категория", "content_type": 4, "codename": "add_productcategory"}}, {"model": "auth.permission", "pk": 14, "fields": {"name": "Can change категория", "content_type": 4, "codename": "change_productcategory"}}, {"model": "auth.permission", "pk": 15, "fields": {"name": "Can delete категория", "content_type": 4, "codename": "delete_productcategory"}}, {"model": "auth.permission", "pk": 16, "fields": {"name": "Can view категория", "content_type": 4, "codename": "view_productcategory"}}, {"model": "auth.permission", "pk": 17, "fields": {"name": "Can add log entry", "content_type": 5, "codename": "add_logentry"}}, {"model": "auth.permission", "pk": 18, "fields": {"name": "Can change log entry", "content_type": 5, "codename": "change_logentry"}}, {"model": "auth.permission", "pk": 19, "fields": {"name": "Can delete log entry", "content_type": 5, "codename": "delete_logentry"}}, {"model": "auth.permission", "pk": 20, "fields": {"name": "Can view log entry", "content_type": 5, "codename": "view_logentry"}}, {"model": "auth.permission", "pk": 21, "fields": {"name": "Can add permission", "content_type": 6, "codename": "add_permission"}}, {"model": "auth.permission", "pk": 22, "fields": {"name": "Can change permission", "content_type": 6, "codename": "change_permission"}}, {"model": "auth.permission", "pk": 23, "fields": {"name": "Can delete permission", "content_type": 6, "codename": "delete_permission"}}, {"model": "auth.permission", "pk": 24, "fields": {"name": "Can view permission", "content_type": 6, "codename": "view_permission"}}, {"model": "auth.permission", "pk": 25, "fields": {"name": "Can add group", "content_type": 7, "codename": "add_group"}}, {"model": "auth.permission", "pk": 26, "fields": {"name": "Can change group", "content_type": 7, "codename": "change_group"}}, {"model": "auth.permission", "pk": 27, "fields": {"name": "Can delete group", "content_type": 7, "codename": "delete_group"}}, {"model": "auth.permission", "pk": 28, "fields": {"name": "Can view group", "content_type": 7, "codename": "view_group"}}, {"model": "auth.permission", "pk": 29, "fields": {"name": "Can add user", "content_type": 8, "codename": "add_user"}}, {"model": "auth.permission", "pk": 30, "fields": {"name": "Can change user", "content_type": 8, "codename": "change_user"}}, {"model": "auth.permission", "pk": 31, "fields": {"name": "Can delete user", "content_type": 8, "codename": "delete_user"}}, {"model": "auth.permission", "pk": 32, "fields": {"name": "Can view user", "content_type": 8, "codename": "view_user"}}, {"model": "auth.permission", "pk": 33, "fields": {"name": "Can add content type", "content_type": 9, "codename": "add_contenttype"}}, {"model": "auth.permission", "pk": 34, "fields": {"name": "Can change content type", "content_type": 9, "codename": "change_contenttype"}}, {"model": "auth.permission", "pk": 35, "fields": {"name": "Can delete content type", "content_type": 9, "codename": "delete_contenttype"}}, {"model": "auth.permission", "pk": 36, "fields": {"name": "Can view content type", "content_type": 9, "codename": "view_contenttype"}}, {"model": "auth.permission", "pk": 37, "fields": {"name": "Can add session", "content_type": 10, "codename": "add_session"}}, {"model": "auth.permission", "pk": 38, "fields": {"name": "Can change session", "content_type": 10, "codename": "change_session"}}, {"model": "auth.permission", "pk": 39, "fields": {"name": "Can delete session", "content_type": 10, "codename": "delete_session"}}, {"model": "auth.permission", "pk": 40, "fields": {"name": "Can view session", "content_type": 10, "codename": "view_session"}}, {"model": "auth.permission", "pk": 41, "fields": {"name": "Can add заказ", "content_type": 11, "codename": "add_order"}}, {"model": "auth.permission", "pk": 42, "fields": {"name": "Can change заказ", "content_type": 11, "codename": "change_order"}}, {"model": "auth.permission", "pk": 43, "fields": {"name": "Can delete заказ", "content_type": 11, "codename": "delete_order"}}, {"model": "auth.permission", "pk": 44, "fields": {"name": "Can view заказ", "content_type": 11, "codename": "view_order"}}, {"model": "auth.permission", "pk": 45, "fields": {"name": "Can add order item", "content_type": 12, "codename": "add_orderitem"}}, {"model": "auth.permission", "pk": 46, "fields": {"name": "Can change order item", "content_type": 12, "codename": "change_orderitem"}}, {"model": "auth.permission", "pk": 47, "fields": {"name": "Can delete order item", "content_type": 12, "codename": "delete_orderitem"}}, {"model": "auth.permission", "pk": 48, "fields": {"name": "Can view order item", "content_type": 12, "codename": "view_orderitem"}}, {"model": "auth.permission", "pk": 49, "fields": {"name": "Can add Координаты", "content_type": 13, "codename": "add_coordinates"}}, {"model": "auth.permission", "pk": 50, "fields": {"name": "Can change Координаты", "content_type": 13, "codename": "change_coordinates"}}, {"model": "auth.permission", "pk": 51, "fields": {"name": "Can delete Координаты", "content_type": 13, "codename": "delete_coordinates"}}, {"model": "auth.permission", "pk": 52, "fields": {"name": "Can view Координаты", "content_type": 13, "codename": "view_coordinates"}}, {"model": "auth.permission", "pk": 53, "fields": {"name": "Can add Координаты", "content_type": 14, "codename": "add_coordinates"}}, {"model": "auth.permission", "pk": 54, "fields": {"name": "Can change Координаты", "content_type": 14, "codename": "change_coordinates"}}, {"model": "auth.permission", "pk": 55, "fields": {"name": "Can delete Координаты", "content_type": 14, "codename": "delete_coordinates"}}, {"model": "auth.permission", "pk": 56, "fields": {"name": "Can view Координаты", "content_type": 14, "codename": "view_coordinates"}}, {"model": "auth.user", "pk": 1, "fields": {"password": "pbkdf2_sha256$260000$zpDJ9Z1Qu7LjBzYuRkbOl4$8pSUZA0OSizYVdIEPXZkalg7jksVqkmIqq4iTAH6Z/s=", "last_login": "2021-11-02T05:40:03.772Z", "is_superuser": true, "username": "admin", "first_name": "", "last_name": "", "email": "admin@jdjdjj.com", "is_staff": true, "is_active": true, "date_joined": "2021-09-15T07:14:28.139Z", "groups": [], "user_permissions": []}}, {"model": "contenttypes.contenttype", "pk": 1, "fields": {"app_label": "foodcartapp", "model": "product"}}, {"model": "contenttypes.contenttype", "pk": 2, "fields": {"app_label": "foodcartapp", "model": "restaurant"}}, {"model": "contenttypes.contenttype", "pk": 3, "fields": {"app_label": "foodcartapp", "model": "restaurantmenuitem"}}, {"model": "contenttypes.contenttype", "pk": 4, "fields": {"app_label": "foodcartapp", "model": "productcategory"}}, {"model": "contenttypes.contenttype", "pk": 5, "fields": {"app_label": "admin", "model": "logentry"}}, {"model": "contenttypes.contenttype", "pk": 6, "fields": {"app_label": "auth", "model": "permission"}}, {"model": "contenttypes.contenttype", "pk": 7, "fields": {"app_label": "auth", "model": "group"}}, {"model": "contenttypes.contenttype", "pk": 8, "fields": {"app_label": "auth", "model": "user"}}, {"model": "contenttypes.contenttype", "pk": 9, "fields": {"app_label": "contenttypes", "model": "contenttype"}}, {"model": "contenttypes.contenttype", "pk": 10, "fields": {"app_label": "sessions", "model": "session"}}, {"model": "contenttypes.contenttype", "pk": 11, "fields": {"app_label": "foodcartapp", "model": "order"}}, {"model": "contenttypes.contenttype", "pk": 12, "fields": {"app_label": "foodcartapp", "model": "orderitem"}}, {"model": "contenttypes.contenttype", "pk": 13, "fields": {"app_label": "foodcartapp", "model": "coordinates"}}, {"model": "contenttypes.contenttype", "pk": 14, "fields": {"app_label": "coordinates", "model": "coordinates"}}, {"model": "sessions.session", "pk": "d1r2zu1hqttj8mrgp6d7brhs0dftmvz8", "fields": {"session_data": ".eJxVjEEOwiAURO_C2pDygQ916d4zkKH8SNW0SWlXxrtrky50O--9eamEba1pa7KksaizMur0u2UMD5l2UO6YbrMe5mldxqx3RR-06etc5Hk53L-Dila_NWUp3ps-OgoR3mQDSwYgz0KWJTD1RMwOiCFg6DrJmY0FWydwUb0_vrE2-w:1mXmOx:8TMCsNb5XiClDyaw_xLKq-mBRsJ4J9m2agkbIfkO7Ow", "expire_date": "2021-10-19T15:30:43.401Z"}}, {"model": "sessions.session", "pk": "dst0m5vieawdspsgg2z2zf8z36j5n1vu", "fields": {"session_data": ".eJxVjEEOwiAURO_C2pDygQ916d4zkKH8SNW0SWlXxrtrky50O--9eamEba1pa7KksaizMur0u2UMD5l2UO6YbrMe5mldxqx3RR-06etc5Hk53L-Dila_NWUp3ps-OgoR3mQDSwYgz0KWJTD1RMwOiCFg6DrJmY0FWydwUb0_vrE2-w:1mXSWO:OU8w5Ya9gkdsI2hdZFCICBZuDtSC_TVGK4y3-L6NDYU", "expire_date": "2021-10-18T18:17:04.604Z"}}, {"model": "sessions.session", "pk": "e5q8xfl3s62o7eco7viusopm6roclh7i", "fields": {"session_data": ".eJxVjEEOwiAURO_C2pDygQ916d4zkKH8SNW0SWlXxrtrky50O--9eamEba1pa7KksaizMur0u2UMD5l2UO6YbrMe5mldxqx3RR-06etc5Hk53L-Dila_NWUp3ps-OgoR3mQDSwYgz0KWJTD1RMwOiCFg6DrJmY0FWydwUb0_vrE2-w:1mQZZx:hxjwwmLASYMmyHlmnm5B_nGXrRTfTPeuCdT88cH_8wc", "expire_date": "2021-09-29T18:24:17.654Z"}}, {"model": "sessions.session", "pk": "ghiv6dtzdxmg6qxoows1u36hz5k5mi5k", "fields": {"session_data": ".eJxVjEEOwiAURO_C2pDygQ916d4zkKH8SNW0SWlXxrtrky50O--9eamEba1pa7KksaizMur0u2UMD5l2UO6YbrMe5mldxqx3RR-06etc5Hk53L-Dila_NWUp3ps-OgoR3mQDSwYgz0KWJTD1RMwOiCFg6DrJmY0FWydwUb0_vrE2-w:1mhmWh:8n8cs6_bMC7QQ98PZzH3UZktvJXIhOAIl7ofRfrfrtE", "expire_date": "2021-11-16T05:40:03.840Z"}}, {"model": "sessions.session", "pk": "ntqwvpszjjf6nnv9r7l531tfaj1838m1", "fields": {"session_data": ".eJxVjEEOwiAURO_C2pDygQ916d4zkKH8SNW0SWlXxrtrky50O--9eamEba1pa7KksaizMur0u2UMD5l2UO6YbrMe5mldxqx3RR-06etc5Hk53L-Dila_NWUp3ps-OgoR3mQDSwYgz0KWJTD1RMwOiCFg6DrJmY0FWydwUb0_vrE2-w:1mR5hL:fLCLS1BgMISxMSzGUxJ0tNk55EbjzWFFCoBeYLPzxro", "expire_date": "2021-10-01T04:42:03.007Z"}}, {"model": "coordinates.coordinates", "pk": 7, "fields": {"address": "Санкт-Петербург, Московский, 171, 25", "lat": "59.86232100", "long": "30.31983900", "fetched_from_api_at": "2021-09-20T06:53:08.441Z"}}, {"model": "coordinates.coordinates", "pk": 8, "fields": {"address": "Лондон, Бейкер Стрит, 12", "lat": "51.52070200", "long": "-0.15688200", "fetched_from_api_at": "2021-09-20T06:53:08.777Z"}}, {"model": "coordinates.coordinates", "pk": 9, "fields": {"address": "Москва, Охотный ряд, 3", "lat": "55.75854900", "long": "37.61715000", "fetched_from_api_at": "2021-09-20T06:53:08.999Z"}}, {"model": "coordinates.coordinates", "pk": 10, "fields": {"address": "Мяу мяу сити", "lat": "25.20483000", "long": "55.26323300", "fetched_from_api_at": "2021-09-20T06:53:09.336Z"}}, {"model": "coordinates.coordinates", "pk": 11, "fields": {"address": "Москва, Тверская, 55", "lat": "55.76392300", "long": "37.60644200", "fetched_from_api_at": "2021-09-20T06:53:09.541Z"}}, {"model": "coordinates.coordinates", "pk": 12, "fields": {"address": "Москва, 3 улица строителей, 24", "lat": "55.60146700", "long": "37.14389100", "fetched_from_api_at": "2021-09-20T06:53:09.833Z"}}, {"model": "coordinates.coordinates", "pk": 13, "fields": {"address": "СПб, Парфёновская 11", "lat": "59.89908100", "long": "30.31150200", "fetched_from_api_at": "2021-10-04T19:14:07.165Z"}}, {"model": "coordinates.coordinates", "pk": 14, "fields": {"address": "Спб, Кольская, 15", "lat": "60.01362700", "long": "30.31981200", "fetched_from_api_at": "2021-10-04T19:35:14.495Z"}}, {"model": "coordinates.coordinates", "pk": 15, "fields": {"address": "Москва, ул. Новый Арбат, 4", "lat": "55.75322500", "long": "37.59949800", "fetched_from_api_at": "2021-10-05T05:12:11.049Z"}}, {"model": "coordinates.coordinates", "pk": 16, "fields": {"address": "Химки, Ленина 3", "lat": "55.91249100", "long": "37.47527900", "fetched_from_api_at": "2021-10-05T05:17:00.540Z"}}, {"model": "coordinates.coordinates", "pk": 17, "fields": {"address": "Москва, Цветной бульвар, 20", "lat": "55.77055800", "long": "37.62266600", "fetched_from_api_at": "2021-10-05T05:25:21.075Z"}}, {"model": "coordinates.coordinates", "pk": 18, "fields": {"address": "Москва, Цветной бульвар, 23", "lat": "55.77251700", "long": "37.62068100", "fetched_from_api_at": "2021-10-05T05:27:19.074Z"}}, {"model": "coordinates.coordinates", "pk": 19, "fields": {"address": "Москва, Цветной бульвар, 21", "lat": "55.77217300", "long": "37.62067200", "fetched_from_api_at": "2021-10-05T05:27:19.369Z"}}, {"model": "coordinates.coordinates", "pk": 20, "fields": {"address": "Москва, Цветной бульвар, 24", "lat": "55.77105900", "long": "37.62239600", "fetched_from_api_at": "2021-10-05T05:28:35.187Z"}}, {"model": "coordinates.coordinates", "pk": 21, "fields": {"address": "Москва, Красная площадь", "lat": "55.75360500", "long": "37.62109400", "fetched_from_api_at": "2021-10-05T16:08:50.873Z"}}, {"model": "coordinates.coordinates", "pk": 22, "fields": {"address": "Москва Ленинский проспект 33", "lat": "55.71202100", "long": "37.58864700", "fetched_from_api_at": "2021-10-05T16:29:23.913Z"}}, {"model": "coordinates.coordinates", "pk": 23, "fields": {"address": "Москва, ул. Новый Арбат, 40", "lat": "55.75366600", "long": "37.57713000", "fetched_from_api_at": "2021-10-05T16:30:42.459Z"}}, {"model": "coordinates.coordinates", "pk": 24, "fields": {"address": "Москва, ул. Новый Арбат, 47", "lat": "55.75265800", "long": "37.58722700", "fetched_from_api_at": "2021-10-07T09:44:11.212Z"}}, {"model": "coordinates.coordinates", "pk": 25, "fields": {"address": "Москва, ул. Новый Арбат, 43", "lat": "55.75366600", "long": "37.57713000", "fetched_from_api_at": "2021-10-07T09:44:43.469Z"}}, {"model": "coordinates.coordinates", "pk": 26, "fields": {"address": "Москва, пл. Киевского Вокзала, 5", "lat": "55.74304100", "long": "37.56649400", "fetched_from_api_at": "2021-10-07T09:47:07.068Z"}}, {"model": "coordinates.coordinates", "pk": 27, "fields": {"address": "Москва, ул. Новый Арбат, 48", "lat": "55.75265800", "long": "37.58722700", "fetched_from_api_at": "2021-10-07T09:49:09.383Z"}}, {"model": "coordinates.coordinates", "pk": 28, "fields": {"address": "Москва, ул. Новый Арбат, 50", "lat": "55.75265800", "long": "37.58722700", "fetched_from_api_at": "2021-10-07T09:55:18.244Z"}}, {"model": "coordinates.coordinates", "pk": 29, "fields": {"address": "Москва, ул. Новый Арбат, 49", "lat": "55.75265800", "long": "37.58722700", "fetched_from_api_at": "2021-10-07T17:42:26.026Z"}}, {"model": "coordinates.coordinates", "pk": 30, "fields": {"address": "Москва, Ленинградский вокзал", "lat": "55.77645100", "long": "37.65522100", "fetched_from_api_at": "2021-10-08T04:16:28.678Z"}}, {"model": "coordinates.coordinates", "pk": 31, "fields": {"address": "Москва, Рогожский Вал, 10", "lat": "55.74120600", "long": "37.67413000", "fetched_from_api_at": "2021-10-08T04:31:23.444Z"}}, {"model": "coordinates.coordinates", "pk": 32, "fields": {"address": "Москва, ул. Новый Арбат, 55", "lat": "55.75265800", "long": "37.58722700", "fetched_from_api_at": "2021-10-16T04:43:02.178Z"}}]